admin2,date,elderly_shielding,home,mobility_reduction,other_locations,r0_reduction,school,work
G01Q01,2020-09-20,1.0,1.0,1.0,1.0,1.0,1.0,1.0
G01Q01,2020-09-21,1.0,1.0,1.0,1.0,1.0,1.0,1.0
G01Q01,2020-09-22,1.0,1.0,1.0,1.0,1.0,1.0,1.0
G01Q01,2020-09-23,1.0,1.0,1.0,1.0,1.0,1.0,1.0
G01Q01,2020-09-24,1.0,1.0,1.0,1.0,1.0,1.0,1.0
G01Q01,2020-09-25,1.0,1.0,1.0,1.0,1.0,1.0,1.0
G01Q01,2020-09-26,1.0,1.0,1.0,1.0,1.0,1.0,1.0
G01Q01,2020-09-27,1.0,1.0,1.0,1.0,1.0,1.0,1.0
G01Q01,2020-09-28,1.0,1.0,1.0,1.0,1.0,1.0,1.0
G01Q01,2020-09-29,1.0,1.0,1.0,1.0,1.0,1.0,1.0
G01Q01,2020-09-30,1.0,1.0,1.0,1.0,1.0,1.0,1.0
G01Q01,2020-10-01,1.0,1.0,1.0,1.0,1.0,1.0,1.0
G01Q01,2020-10-02,1.0,1.0,1.0,1.0,1.0,1.0,1.0
G01Q01,2020-10-03,1.0,1.0,1.0,1.0,1.0,1.0,1.0
G01Q01,2020-10-04,1.0,1.0,1.0,1.0,1.0,1.0,1.0
G01Q01,2020-10-05,1.0,1.0,1.0,1.0,1.0,1.0,1.0
G01Q01,2020-10-06,1.0,1.0,1.0,1.0,1.0,1.0,1.0
G01Q01,2020-10-07,1.0,1.0,1.0,1.0,1.0,1.0,1.0
G01Q02,2020-09-20,1.0,1.0,1.0,1.0,1.0,1.0,1.0
G01Q02,2020-09-21,1.0,1.0,1.0,1.0,1.0,1.0,1.0
G01Q02,2020-09-22,1.0,1.0,1.0,1.0,1.0,1.0,1.0
G01Q02,2020-09-23,1.0,1.0,1.0,1.0,1.0,1.0,1.0
G01Q02,2020-09-24,1.0,1.0,1.0,1.0,1.0,1.0,1.0
G01Q02,2020-09-25,1.0,1.0,1.0,1.0,1.0,1.0,1.0
G01Q02,2020-09-26,1.0,1.0,1.0,1.0,1.0,1.0,1.0
G01Q02,2020-09-27,1.0,1.0,1.0,1.0,1.0,1.0,1.0
G01Q02,2020-09-28,1.0,1.0,1.0,1.0,1.0,1.0,1.0
G01Q02,2020-09-29,1.0,1.0,1.0,1.0,1.0,1.0,1.0
G01Q02,2020-09-30,1.0,1.0,1.0,1.0,1.0,1.0,1.0
G01Q02,2020-10-01,1.0,1.0,1.0,1.0,1.0,1.0,1.0
G01Q02,2020-10-02,1.0,1.0,1.0,1.0,1.0,1.0,1.0
G01Q02,2020-10-03,1.0,1.0,1.0,1.0,1.0,1.0,1.0
G01Q02,2020-10-04,1.0,1.0,1.0,1.0,1.0,1.0,1.0
G01Q02,2020-10-05,1.0,1.0,1.0,1.0,1.0,1.0,1.0
G01Q02,2020-10-06,1.0,1.0,1.0,1.0,1.0,1.0,1.0
G01Q02,2020-10-07,1.0,1.0,1.0,1.0,1.0,1.0,1.0
G01Q03,2020-09-20,1.0,1.0,1.0,1.0,1.0,1.0,1.0
G01Q03,2020-09-21,1.0,1.0,1.0,1.0,1.0,1.0,1.0
G01Q03,2020-09-22,1.0,1.0,1.0,1.0,1.0,1.0,1.0
G01Q03,2020-09-23,1.0,1.0,1.0,1.0,1.0,1.0,1.0
G01Q03,2020-09-24,1.0,1.0,1.0,1.0,1.0,1.0,1.0
G01Q03,2020-09-25,1.0,1.0,1.0,1.0,1.0,1.0,1.0
G01Q03,2020-09-26,1.0,1.0,1.0,1.0,1.0,1.0,1.0
G01Q03,2020-09-27,1.0,1.0,1.0,1.0,1.0,1.0,1.0
G01Q03,2020-09-28,1.0,1.0,1.0,1.0,1.0,1.0,1.0
G01Q03,2020-09-29,1.0,1.0,1.0,1.0,1.0,1.0,1.0
G01Q03,2020-09-30,1.0,1.0,1.0,1.0,1.0,1.0,1.0
G01Q03,2020-10-01,1.0,1.0,1.0,1.0,1.0,1.0,1.0
G01Q03,2020-10-02,1.0,1.0,1.0,1.0,1.0,1.0,1.0
G01Q03,2020-10-03,1.0,1.0,1.0,1.0,1.0,1.0,1.0
G01Q03,2020-10-04,1.0,1.0,1.0,1.0,1.0,1.0,1.0
G01Q03,2020-10-05,1.0,1.0,1.0,1.0,1.0,1.0,1.0
G01Q03,2020-10-06,1.0,1.0,1.0,1.0,1.0,1.0,1.0
G01Q03,2020-10-07,1.0,1.0,1.0,1.0,1.0,1.0,1.0
G01Q04,2020-09-20,1.0,1.0,1.0,1.0,1.0,1.0,1.0
G01Q04,2020-09-21,1.0,1.0,1.0,1.0,1.0,1.0,1.0
G01Q04,2020-09-22,1.0,1.0,1.0,1.0,1.0,1.0,1.0
G01Q04,2020-09-23,1.0,1.0,1.0,1.0,1.0,1.0,1.0
G01Q04,2020-09-24,1.0,1.0,1.0,1.0,1.0,1.0,1.0
G01Q04,2020-09-25,1.0,1.0,1.0,1.0,1.0,1.0,1.0
G01Q04,2020-09-26,1.0,1.0,1.0,1.0,1.0,1.0,1.0
G01Q04,2020-09-27,1.0,1.0,1.0,1.0,1.0,1.0,1.0
G01Q04,2020-09-28,1.0,1.0,1.0,1.0,1.0,1.0,1.0
G01Q04,2020-09-29,1.0,1.0,1.0,1.0,1.0,1.0,1.0
G01Q04,2020-09-30,1.0,1.0,1.0,1.0,1.0,1.0,1.0
G01Q04,2020-10-01,1.0,1.0,1.0,1.0,1.0,1.0,1.0
G01Q04,2020-10-02,1.0,1.0,1.0,1.0,1.0,1.0,1.0
G01Q04,2020-10-03,1.0,1.0,1.0,1.0,1.0,1.0,1.0
G01Q04,2020-10-04,1.0,1.0,1.0,1.0,1.0,1.0,1.0
G01Q04,2020-10-05,1.0,1.0,1.0,1.0,1.0,1.0,1.0
G01Q04,2020-10-06,1.0,1.0,1.0,1.0,1.0,1.0,1.0
G01Q04,2020-10-07,1.0,1.0,1.0,1.0,1.0,1.0,1.0
G01Q05,2020-09-20,1.0,1.0,1.0,1.0,1.0,1.0,1.0
G01Q05,2020-09-21,1.0,1.0,1.0,1.0,1.0,1.0,1.0
G01Q05,2020-09-22,1.0,1.0,1.0,1.0,1.0,1.0,1.0
G01Q05,2020-09-23,1.0,1.0,1.0,1.0,1.0,1.0,1.0
G01Q05,2020-09-24,1.0,1.0,1.0,1.0,1.0,1.0,1.0
G01Q05,2020-09-25,1.0,1.0,1.0,1.0,1.0,1.0,1.0
G01Q05,2020-09-26,1.0,1.0,1.0,1.0,1.0,1.0,1.0
G01Q05,2020-09-27,1.0,1.0,1.0,1.0,1.0,1.0,1.0
G01Q05,2020-09-28,1.0,1.0,1.0,1.0,1.0,1.0,1.0
G01Q05,2020-09-29,1.0,1.0,1.0,1.0,1.0,1.0,1.0
G01Q05,2020-09-30,1.0,1.0,1.0,1.0,1.0,1.0,1.0
G01Q05,2020-10-01,1.0,1.0,1.0,1.0,1.0,1.0,1.0
G01Q05,2020-10-02,1.0,1.0,1.0,1.0,1.0,1.0,1.0
G01Q05,2020-10-03,1.0,1.0,1.0,1.0,1.0,1.0,1.0
G01Q05,2020-10-04,1.0,1.0,1.0,1.0,1.0,1.0,1.0
G01Q05,2020-10-05,1.0,1.0,1.0,1.0,1.0,1.0,1.0
G01Q05,2020-10-06,1.0,1.0,1.0,1.0,1.0,1.0,1.0
G01Q05,2020-10-07,1.0,1.0,1.0,1.0,1.0,1.0,1.0
G01Q06,2020-09-20,1.0,1.0,1.0,1.0,1.0,1.0,1.0
G01Q06,2020-09-21,1.0,1.0,1.0,1.0,1.0,1.0,1.0
G01Q06,2020-09-22,1.0,1.0,1.0,1.0,1.0,1.0,1.0
G01Q06,2020-09-23,1.0,1.0,1.0,1.0,1.0,1.0,1.0
G01Q06,2020-09-24,1.0,1.0,1.0,1.0,1.0,1.0,1.0
G01Q06,2020-09-25,1.0,1.0,1.0,1.0,1.0,1.0,1.0
G01Q06,2020-09-26,1.0,1.0,1.0,1.0,1.0,1.0,1.0
G01Q06,2020-09-27,1.0,1.0,1.0,1.0,1.0,1.0,1.0
G01Q06,2020-09-28,1.0,1.0,1.0,1.0,1.0,1.0,1.0
G01Q06,2020-09-29,1.0,1.0,1.0,1.0,1.0,1.0,1.0
G01Q06,2020-09-30,1.0,1.0,1.0,1.0,1.0,1.0,1.0
G01Q06,2020-10-01,1.0,1.0,1.0,1.0,1.0,1.0,1.0
G01Q06,2020-10-02,1.0,1.0,1.0,1.0,1.0,1.0,1.0
G01Q06,2020-10-03,1.0,1.0,1.0,1.0,1.0,1.0,1.0
G01Q06,2020-10-04,1.0,1.0,1.0,1.0,1.0,1.0,1.0
G01Q06,2020-10-05,1.0,1.0,1.0,1.0,1.0,1.0,1.0
G01Q06,2020-10-06,1.0,1.0,1.0,1.0,1.0,1.0,1.0
G01Q06,2020-10-07,1.0,1.0,1.0,1.0,1.0,1.0,1.0
G01Q07,2020-09-20,1.0,1.0,1.0,1.0,1.0,1.0,1.0
G01Q07,2020-09-21,1.0,1.0,1.0,1.0,1.0,1.0,1.0
G01Q07,2020-09-22,1.0,1.0,1.0,1.0,1.0,1.0,1.0
G01Q07,2020-09-23,1.0,1.0,1.0,1.0,1.0,1.0,1.0
G01Q07,2020-09-24,1.0,1.0,1.0,1.0,1.0,1.0,1.0
G01Q07,2020-09-25,1.0,1.0,1.0,1.0,1.0,1.0,1.0
G01Q07,2020-09-26,1.0,1.0,1.0,1.0,1.0,1.0,1.0
G01Q07,2020-09-27,1.0,1.0,1.0,1.0,1.0,1.0,1.0
G01Q07,2020-09-28,1.0,1.0,1.0,1.0,1.0,1.0,1.0
G01Q07,2020-09-29,1.0,1.0,1.0,1.0,1.0,1.0,1.0
G01Q07,2020-09-30,1.0,1.0,1.0,1.0,1.0,1.0,1.0
G01Q07,2020-10-01,1.0,1.0,1.0,1.0,1.0,1.0,1.0
G01Q07,2020-10-02,1.0,1.0,1.0,1.0,1.0,1.0,1.0
G01Q07,2020-10-03,1.0,1.0,1.0,1.0,1.0,1.0,1.0
G01Q07,2020-10-04,1.0,1.0,1.0,1.0,1.0,1.0,1.0
G01Q07,2020-10-05,1.0,1.0,1.0,1.0,1.0,1.0,1.0
G01Q07,2020-10-06,1.0,1.0,1.0,1.0,1.0,1.0,1.0
G01Q07,2020-10-07,1.0,1.0,1.0,1.0,1.0,1.0,1.0
G02Q01,2020-09-20,1.0,1.0,1.0,1.0,1.0,1.0,1.0
G02Q01,2020-09-21,1.0,1.0,1.0,1.0,1.0,1.0,1.0
G02Q01,2020-09-22,1.0,1.0,1.0,1.0,1.0,1.0,1.0
G02Q01,2020-09-23,1.0,1.0,1.0,1.0,1.0,1.0,1.0
G02Q01,2020-09-24,1.0,1.0,1.0,1.0,1.0,1.0,1.0
G02Q01,2020-09-25,1.0,1.0,1.0,1.0,1.0,1.0,1.0
G02Q01,2020-09-26,1.0,1.0,1.0,1.0,1.0,1.0,1.0
G02Q01,2020-09-27,1.0,1.0,1.0,1.0,1.0,1.0,1.0
G02Q01,2020-09-28,1.0,1.0,1.0,1.0,1.0,1.0,1.0
G02Q01,2020-09-29,1.0,1.0,1.0,1.0,1.0,1.0,1.0
G02Q01,2020-09-30,1.0,1.0,1.0,1.0,1.0,1.0,1.0
G02Q01,2020-10-01,1.0,1.0,1.0,1.0,1.0,1.0,1.0
G02Q01,2020-10-02,1.0,1.0,1.0,1.0,1.0,1.0,1.0
G02Q01,2020-10-03,1.0,1.0,1.0,1.0,1.0,1.0,1.0
G02Q01,2020-10-04,1.0,1.0,1.0,1.0,1.0,1.0,1.0
G02Q01,2020-10-05,1.0,1.0,1.0,1.0,1.0,1.0,1.0
G02Q01,2020-10-06,1.0,1.0,1.0,1.0,1.0,1.0,1.0
G02Q01,2020-10-07,1.0,1.0,1.0,1.0,1.0,1.0,1.0
G02Q02,2020-09-20,1.0,1.0,1.0,1.0,1.0,1.0,1.0
G02Q02,2020-09-21,1.0,1.0,1.0,1.0,1.0,1.0,1.0
G02Q02,2020-09-22,1.0,1.0,1.0,1.0,1.0,1.0,1.0
G02Q02,2020-09-23,1.0,1.0,1.0,1.0,1.0,1.0,1.0
G02Q02,2020-09-24,1.0,1.0,1.0,1.0,1.0,1.0,1.0
G02Q02,2020-09-25,1.0,1.0,1.0,1.0,1.0,1.0,1.0
G02Q02,2020-09-26,1.0,1.0,1.0,1.0,1.0,1.0,1.0
G02Q02,2020-09-27,1.0,1.0,1.0,1.0,1.0,1.0,1.0
G02Q02,2020-09-28,1.0,1.0,1.0,1.0,1.0,1.0,1.0
G02Q02,2020-09-29,1.0,1.0,1.0,1.0,1.0,1.0,1.0
G02Q02,2020-09-30,1.0,1.0,1.0,1.0,1.0,1.0,1.0
G02Q02,2020-10-01,1.0,1.0,1.0,1.0,1.0,1.0,1.0
G02Q02,2020-10-02,1.0,1.0,1.0,1.0,1.0,1.0,1.0
G02Q02,2020-10-03,1.0,1.0,1.0,1.0,1.0,1.0,1.0
G02Q02,2020-10-04,1.0,1.0,1.0,1.0,1.0,1.0,1.0
G02Q02,2020-10-05,1.0,1.0,1.0,1.0,1.0,1.0,1.0
G02Q02,2020-10-06,1.0,1.0,1.0,1.0,1.0,1.0,1.0
G02Q02,2020-10-07,1.0,1.0,1.0,1.0,1.0,1.0,1.0
G02Q03,2020-09-20,1.0,1.0,1.0,1.0,1.0,1.0,1.0
G02Q03,2020-09-21,1.0,1.0,1.0,1.0,1.0,1.0,1.0
G02Q03,2020-09-22,1.0,1.0,1.0,1.0,1.0,1.0,1.0
G02Q03,2020-09-23,1.0,1.0,1.0,1.0,1.0,1.0,1.0
G02Q03,2020-09-24,1.0,1.0,1.0,1.0,1.0,1.0,1.0
G02Q03,2020-09-25,1.0,1.0,1.0,1.0,1.0,1.0,1.0
G02Q03,2020-09-26,1.0,1.0,1.0,1.0,1.0,1.0,1.0
G02Q03,2020-09-27,1.0,1.0,1.0,1.0,1.0,1.0,1.0
G02Q03,2020-09-28,1.0,1.0,1.0,1.0,1.0,1.0,1.0
G02Q03,2020-09-29,1.0,1.0,1.0,1.0,1.0,1.0,1.0
G02Q03,2020-09-30,1.0,1.0,1.0,1.0,1.0,1.0,1.0
G02Q03,2020-10-01,1.0,1.0,1.0,1.0,1.0,1.0,1.0
G02Q03,2020-10-02,1.0,1.0,1.0,1.0,1.0,1.0,1.0
G02Q03,2020-10-03,1.0,1.0,1.0,1.0,1.0,1.0,1.0
G02Q03,2020-10-04,1.0,1.0,1.0,1.0,1.0,1.0,1.0
G02Q03,2020-10-05,1.0,1.0,1.0,1.0,1.0,1.0,1.0
G02Q03,2020-10-06,1.0,1.0,1.0,1.0,1.0,1.0,1.0
G02Q03,2020-10-07,1.0,1.0,1.0,1.0,1.0,1.0,1.0
G02Q04,2020-09-20,1.0,1.0,1.0,1.0,1.0,1.0,1.0
G02Q04,2020-09-21,1.0,1.0,1.0,1.0,1.0,1.0,1.0
G02Q04,2020-09-22,1.0,1.0,1.0,1.0,1.0,1.0,1.0
G02Q04,2020-09-23,1.0,1.0,1.0,1.0,1.0,1.0,1.0
G02Q04,2020-09-24,1.0,1.0,1.0,1.0,1.0,1.0,1.0
G02Q04,2020-09-25,1.0,1.0,1.0,1.0,1.0,1.0,1.0
G02Q04,2020-09-26,1.0,1.0,1.0,1.0,1.0,1.0,1.0
G02Q04,2020-09-27,1.0,1.0,1.0,1.0,1.0,1.0,1.0
G02Q04,2020-09-28,1.0,1.0,1.0,1.0,1.0,1.0,1.0
G02Q04,2020-09-29,1.0,1.0,1.0,1.0,1.0,1.0,1.0
G02Q04,2020-09-30,1.0,1.0,1.0,1.0,1.0,1.0,1.0
G02Q04,2020-10-01,1.0,1.0,1.0,1.0,1.0,1.0,1.0
G02Q04,2020-10-02,1.0,1.0,1.0,1.0,1.0,1.0,1.0
G02Q04,2020-10-03,1.0,1.0,1.0,1.0,1.0,1.0,1.0
G02Q04,2020-10-04,1.0,1.0,1.0,1.0,1.0,1.0,1.0
G02Q04,2020-10-05,1.0,1.0,1.0,1.0,1.0,1.0,1.0
G02Q04,2020-10-06,1.0,1.0,1.0,1.0,1.0,1.0,1.0
G02Q04,2020-10-07,1.0,1.0,1.0,1.0,1.0,1.0,1.0
G02Q05,2020-09-20,1.0,1.0,1.0,1.0,1.0,1.0,1.0
G02Q05,2020-09-21,1.0,1.0,1.0,1.0,1.0,1.0,1.0
G02Q05,2020-09-22,1.0,1.0,1.0,1.0,1.0,1.0,1.0
G02Q05,2020-09-23,1.0,1.0,1.0,1.0,1.0,1.0,1.0
G02Q05,2020-09-24,1.0,1.0,1.0,1.0,1.0,1.0,1.0
G02Q05,2020-09-25,1.0,1.0,1.0,1.0,1.0,1.0,1.0
G02Q05,2020-09-26,1.0,1.0,1.0,1.0,1.0,1.0,1.0
G02Q05,2020-09-27,1.0,1.0,1.0,1.0,1.0,1.0,1.0
G02Q05,2020-09-28,1.0,1.0,1.0,1.0,1.0,1.0,1.0
G02Q05,2020-09-29,1.0,1.0,1.0,1.0,1.0,1.0,1.0
G02Q05,2020-09-30,1.0,1.0,1.0,1.0,1.0,1.0,1.0
G02Q05,2020-10-01,1.0,1.0,1.0,1.0,1.0,1.0,1.0
G02Q05,2020-10-02,1.0,1.0,1.0,1.0,1.0,1.0,1.0
G02Q05,2020-10-03,1.0,1.0,1.0,1.0,1.0,1.0,1.0
G02Q05,2020-10-04,1.0,1.0,1.0,1.0,1.0,1.0,1.0
G02Q05,2020-10-05,1.0,1.0,1.0,1.0,1.0,1.0,1.0
G02Q05,2020-10-06,1.0,1.0,1.0,1.0,1.0,1.0,1.0
G02Q05,2020-10-07,1.0,1.0,1.0,1.0,1.0,1.0,1.0
G02Q06,2020-09-20,1.0,1.0,1.0,1.0,1.0,1.0,1.0
G02Q06,2020-09-21,1.0,1.0,1.0,1.0,1.0,1.0,1.0
G02Q06,2020-09-22,1.0,1.0,1.0,1.0,1.0,1.0,1.0
G02Q06,2020-09-23,1.0,1.0,1.0,1.0,1.0,1.0,1.0
G02Q06,2020-09-24,1.0,1.0,1.0,1.0,1.0,1.0,1.0
G02Q06,2020-09-25,1.0,1.0,1.0,1.0,1.0,1.0,1.0
G02Q06,2020-09-26,1.0,1.0,1.0,1.0,1.0,1.0,1.0
G02Q06,2020-09-27,1.0,1.0,1.0,1.0,1.0,1.0,1.0
G02Q06,2020-09-28,1.0,1.0,1.0,1.0,1.0,1.0,1.0
G02Q06,2020-09-29,1.0,1.0,1.0,1.0,1.0,1.0,1.0
G02Q06,2020-09-30,1.0,1.0,1.0,1.0,1.0,1.0,1.0
G02Q06,2020-10-01,1.0,1.0,1.0,1.0,1.0,1.0,1.0
G02Q06,2020-10-02,1.0,1.0,1.0,1.0,1.0,1.0,1.0
G02Q06,2020-10-03,1.0,1.0,1.0,1.0,1.0,1.0,1.0
G02Q06,2020-10-04,1.0,1.0,1.0,1.0,1.0,1.0,1.0
G02Q06,2020-10-05,1.0,1.0,1.0,1.0,1.0,1.0,1.0
G02Q06,2020-10-06,1.0,1.0,1.0,1.0,1.0,1.0,1.0
G02Q06,2020-10-07,1.0,1.0,1.0,1.0,1.0,1.0,1.0
G02Q07,2020-09-20,1.0,1.0,1.0,1.0,1.0,1.0,1.0
G02Q07,2020-09-21,1.0,1.0,1.0,1.0,1.0,1.0,1.0
G02Q07,2020-09-22,1.0,1.0,1.0,1.0,1.0,1.0,1.0
G02Q07,2020-09-23,1.0,1.0,1.0,1.0,1.0,1.0,1.0
G02Q07,2020-09-24,1.0,1.0,1.0,1.0,1.0,1.0,1.0
G02Q07,2020-09-25,1.0,1.0,1.0,1.0,1.0,1.0,1.0
G02Q07,2020-09-26,1.0,1.0,1.0,1.0,1.0,1.0,1.0
G02Q07,2020-09-27,1.0,1.0,1.0,1.0,1.0,1.0,1.0
G02Q07,2020-09-28,1.0,1.0,1.0,1.0,1.0,1.0,1.0
G02Q07,2020-09-29,1.0,1.0,1.0,1.0,1.0,1.0,1.0
G02Q07,2020-09-30,1.0,1.0,1.0,1.0,1.0,1.0,1.0
G02Q07,2020-10-01,1.0,1.0,1.0,1.0,1.0,1.0,1.0
G02Q07,2020-10-02,1.0,1.0,1.0,1.0,1.0,1.0,1.0
G02Q07,2020-10-03,1.0,1.0,1.0,1.0,1.0,1.0,1.0
G02Q07,2020-10-04,1.0,1.0,1.0,1.0,1.0,1.0,1.0
G02Q07,2020-10-05,1.0,1.0,1.0,1.0,1.0,1.0,1.0
G02Q07,2020-10-06,1.0,1.0,1.0,1.0,1.0,1.0,1.0
G02Q07,2020-10-07,1.0,1.0,1.0,1.0,1.0,1.0,1.0
G03Q01,2020-09-20,1.0,1.0,1.0,1.0,1.0,1.0,1.0
G03Q01,2020-09-21,1.0,1.0,1.0,1.0,1.0,1.0,1.0
G03Q01,2020-09-22,1.0,1.0,1.0,1.0,1.0,1.0,1.0
G03Q01,2020-09-23,1.0,1.0,1.0,1.0,1.0,1.0,1.0
G03Q01,2020-09-24,1.0,1.0,1.0,1.0,1.0,1.0,1.0
G03Q01,2020-09-25,1.0,1.0,1.0,1.0,1.0,1.0,1.0
G03Q01,2020-09-26,1.0,1.0,1.0,1.0,1.0,1.0,1.0
G03Q01,2020-09-27,1.0,1.0,1.0,1.0,1.0,1.0,1.0
G03Q01,2020-09-28,1.0,1.0,1.0,1.0,1.0,1.0,1.0
G03Q01,2020-09-29,1.0,1.0,1.0,1.0,1.0,1.0,1.0
G03Q01,2020-09-30,1.0,1.0,1.0,1.0,1.0,1.0,1.0
G03Q01,2020-10-01,1.0,1.0,1.0,1.0,1.0,1.0,1.0
G03Q01,2020-10-02,1.0,1.0,1.0,1.0,1.0,1.0,1.0
G03Q01,2020-10-03,1.0,1.0,1.0,1.0,1.0,1.0,1.0
G03Q01,2020-10-04,1.0,1.0,1.0,1.0,1.0,1.0,1.0
G03Q01,2020-10-05,1.0,1.0,1.0,1.0,1.0,1.0,1.0
G03Q01,2020-10-06,1.0,1.0,1.0,1.0,1.0,1.0,1.0
G03Q01,2020-10-07,1.0,1.0,1.0,1.0,1.0,1.0,1.0
G03Q02,2020-09-20,1.0,1.0,1.0,1.0,1.0,1.0,1.0
G03Q02,2020-09-21,1.0,1.0,1.0,1.0,1.0,1.0,1.0
G03Q02,2020-09-22,1.0,1.0,1.0,1.0,1.0,1.0,1.0
G03Q02,2020-09-23,1.0,1.0,1.0,1.0,1.0,1.0,1.0
G03Q02,2020-09-24,1.0,1.0,1.0,1.0,1.0,1.0,1.0
G03Q02,2020-09-25,1.0,1.0,1.0,1.0,1.0,1.0,1.0
G03Q02,2020-09-26,1.0,1.0,1.0,1.0,1.0,1.0,1.0
G03Q02,2020-09-27,1.0,1.0,1.0,1.0,1.0,1.0,1.0
G03Q02,2020-09-28,1.0,1.0,1.0,1.0,1.0,1.0,1.0
G03Q02,2020-09-29,1.0,1.0,1.0,1.0,1.0,1.0,1.0
G03Q02,2020-09-30,1.0,1.0,1.0,1.0,1.0,1.0,1.0
G03Q02,2020-10-01,1.0,1.0,1.0,1.0,1.0,1.0,1.0
G03Q02,2020-10-02,1.0,1.0,1.0,1.0,1.0,1.0,1.0
G03Q02,2020-10-03,1.0,1.0,1.0,1.0,1.0,1.0,1.0
G03Q02,2020-10-04,1.0,1.0,1.0,1.0,1.0,1.0,1.0
G03Q02,2020-10-05,1.0,1.0,1.0,1.0,1.0,1.0,1.0
G03Q02,2020-10-06,1.0,1.0,1.0,1.0,1.0,1.0,1.0
G03Q02,2020-10-07,1.0,1.0,1.0,1.0,1.0,1.0,1.0
G03Q03,2020-09-20,1.0,1.0,1.0,1.0,1.0,1.0,1.0
G03Q03,2020-09-21,1.0,1.0,1.0,1.0,1.0,1.0,1.0
G03Q03,2020-09-22,1.0,1.0,1.0,1.0,1.0,1.0,1.0
G03Q03,2020-09-23,1.0,1.0,1.0,1.0,1.0,1.0,1.0
G03Q03,2020-09-24,1.0,1.0,1.0,1.0,1.0,1.0,1.0
G03Q03,2020-09-25,1.0,1.0,1.0,1.0,1.0,1.0,1.0
G03Q03,2020-09-26,1.0,1.0,1.0,1.0,1.0,1.0,1.0
G03Q03,2020-09-27,1.0,1.0,1.0,1.0,1.0,1.0,1.0
G03Q03,2020-09-28,1.0,1.0,1.0,1.0,1.0,1.0,1.0
G03Q03,2020-09-29,1.0,1.0,1.0,1.0,1.0,1.0,1.0
G03Q03,2020-09-30,1.0,1.0,1.0,1.0,1.0,1.0,1.0
G03Q03,2020-10-01,1.0,1.0,1.0,1.0,1.0,1.0,1.0
G03Q03,2020-10-02,1.0,1.0,1.0,1.0,1.0,1.0,1.0
G03Q03,2020-10-03,1.0,1.0,1.0,1.0,1.0,1.0,1.0
G03Q03,2020-10-04,1.0,1.0,1.0,1.0,1.0,1.0,1.0
G03Q03,2020-10-05,1.0,1.0,1.0,1.0,1.0,1.0,1.0
G03Q03,2020-10-06,1.0,1.0,1.0,1.0,1.0,1.0,1.0
G03Q03,2020-10-07,1.0,1.0,1.0,1.0,1.0,1.0,1.0
G03Q04,2020-09-20,1.0,1.0,1.0,1.0,1.0,1.0,1.0
G03Q04,2020-09-21,1.0,1.0,1.0,1.0,1.0,1.0,1.0
G03Q04,2020-09-22,1.0,1.0,1.0,1.0,1.0,1.0,1.0
G03Q04,2020-09-23,1.0,1.0,1.0,1.0,1.0,1.0,1.0
G03Q04,2020-09-24,1.0,1.0,1.0,1.0,1.0,1.0,1.0
G03Q04,2020-09-25,1.0,1.0,1.0,1.0,1.0,1.0,1.0
G03Q04,2020-09-26,1.0,1.0,1.0,1.0,1.0,1.0,1.0
G03Q04,2020-09-27,1.0,1.0,1.0,1.0,1.0,1.0,1.0
G03Q04,2020-09-28,1.0,1.0,1.0,1.0,1.0,1.0,1.0
G03Q04,2020-09-29,1.0,1.0,1.0,1.0,1.0,1.0,1.0
G03Q04,2020-09-30,1.0,1.0,1.0,1.0,1.0,1.0,1.0
G03Q04,2020-10-01,1.0,1.0,1.0,1.0,1.0,1.0,1.0
G03Q04,2020-10-02,1.0,1.0,1.0,1.0,1.0,1.0,1.0
G03Q04,2020-10-03,1.0,1.0,1.0,1.0,1.0,1.0,1.0
G03Q04,2020-10-04,1.0,1.0,1.0,1.0,1.0,1.0,1.0
G03Q04,2020-10-05,1.0,1.0,1.0,1.0,1.0,1.0,1.0
G03Q04,2020-10-06,1.0,1.0,1.0,1.0,1.0,1.0,1.0
G03Q04,2020-10-07,1.0,1.0,1.0,1.0,1.0,1.0,1.0
G04Q01,2020-09-20,1.0,1.0,1.0,1.0,1.0,1.0,1.0
G04Q01,2020-09-21,1.0,1.0,1.0,1.0,1.0,1.0,1.0
G04Q01,2020-09-22,1.0,1.0,1.0,1.0,1.0,1.0,1.0
G04Q01,2020-09-23,1.0,1.0,1.0,1.0,1.0,1.0,1.0
G04Q01,2020-09-24,1.0,1.0,1.0,1.0,1.0,1.0,1.0
G04Q01,2020-09-25,1.0,1.0,1.0,1.0,1.0,1.0,1.0
G04Q01,2020-09-26,1.0,1.0,1.0,1.0,1.0,1.0,1.0
G04Q01,2020-09-27,1.0,1.0,1.0,1.0,1.0,1.0,1.0
G04Q01,2020-09-28,1.0,1.0,1.0,1.0,1.0,1.0,1.0
G04Q01,2020-09-29,1.0,1.0,1.0,1.0,1.0,1.0,1.0
G04Q01,2020-09-30,1.0,1.0,1.0,1.0,1.0,1.0,1.0
G04Q01,2020-10-01,1.0,1.0,1.0,1.0,1.0,1.0,1.0
G04Q01,2020-10-02,1.0,1.0,1.0,1.0,1.0,1.0,1.0
G04Q01,2020-10-03,1.0,1.0,1.0,1.0,1.0,1.0,1.0
G04Q01,2020-10-04,1.0,1.0,1.0,1.0,1.0,1.0,1.0
G04Q01,2020-10-05,1.0,1.0,1.0,1.0,1.0,1.0,1.0
G04Q01,2020-10-06,1.0,1.0,1.0,1.0,1.0,1.0,1.0
G04Q01,2020-10-07,1.0,1.0,1.0,1.0,1.0,1.0,1.0
G04Q02,2020-09-20,1.0,1.0,1.0,1.0,1.0,1.0,1.0
G04Q02,2020-09-21,1.0,1.0,1.0,1.0,1.0,1.0,1.0
G04Q02,2020-09-22,1.0,1.0,1.0,1.0,1.0,1.0,1.0
G04Q02,2020-09-23,1.0,1.0,1.0,1.0,1.0,1.0,1.0
G04Q02,2020-09-24,1.0,1.0,1.0,1.0,1.0,1.0,1.0
G04Q02,2020-09-25,1.0,1.0,1.0,1.0,1.0,1.0,1.0
G04Q02,2020-09-26,1.0,1.0,1.0,1.0,1.0,1.0,1.0
G04Q02,2020-09-27,1.0,1.0,1.0,1.0,1.0,1.0,1.0
G04Q02,2020-09-28,1.0,1.0,1.0,1.0,1.0,1.0,1.0
G04Q02,2020-09-29,1.0,1.0,1.0,1.0,1.0,1.0,1.0
G04Q02,2020-09-30,1.0,1.0,1.0,1.0,1.0,1.0,1.0
G04Q02,2020-10-01,1.0,1.0,1.0,1.0,1.0,1.0,1.0
G04Q02,2020-10-02,1.0,1.0,1.0,1.0,1.0,1.0,1.0
G04Q02,2020-10-03,1.0,1.0,1.0,1.0,1.0,1.0,1.0
G04Q02,2020-10-04,1.0,1.0,1.0,1.0,1.0,1.0,1.0
G04Q02,2020-10-05,1.0,1.0,1.0,1.0,1.0,1.0,1.0
G04Q02,2020-10-06,1.0,1.0,1.0,1.0,1.0,1.0,1.0
G04Q02,2020-10-07,1.0,1.0,1.0,1.0,1.0,1.0,1.0
G04Q03,2020-09-20,1.0,1.0,1.0,1.0,1.0,1.0,1.0
G04Q03,2020-09-21,1.0,1.0,1.0,1.0,1.0,1.0,1.0
G04Q03,2020-09-22,1.0,1.0,1.0,1.0,1.0,1.0,1.0
G04Q03,2020-09-23,1.0,1.0,1.0,1.0,1.0,1.0,1.0
G04Q03,2020-09-24,1.0,1.0,1.0,1.0,1.0,1.0,1.0
G04Q03,2020-09-25,1.0,1.0,1.0,1.0,1.0,1.0,1.0
G04Q03,2020-09-26,1.0,1.0,1.0,1.0,1.0,1.0,1.0
G04Q03,2020-09-27,1.0,1.0,1.0,1.0,1.0,1.0,1.0
G04Q03,2020-09-28,1.0,1.0,1.0,1.0,1.0,1.0,1.0
G04Q03,2020-09-29,1.0,1.0,1.0,1.0,1.0,1.0,1.0
G04Q03,2020-09-30,1.0,1.0,1.0,1.0,1.0,1.0,1.0
G04Q03,2020-10-01,1.0,1.0,1.0,1.0,1.0,1.0,1.0
G04Q03,2020-10-02,1.0,1.0,1.0,1.0,1.0,1.0,1.0
G04Q03,2020-10-03,1.0,1.0,1.0,1.0,1.0,1.0,1.0
G04Q03,2020-10-04,1.0,1.0,1.0,1.0,1.0,1.0,1.0
G04Q03,2020-10-05,1.0,1.0,1.0,1.0,1.0,1.0,1.0
G04Q03,2020-10-06,1.0,1.0,1.0,1.0,1.0,1.0,1.0
G04Q03,2020-10-07,1.0,1.0,1.0,1.0,1.0,1.0,1.0
G05Q01,2020-09-20,1.0,1.0,1.0,1.0,1.0,1.0,1.0
G05Q01,2020-09-21,1.0,1.0,1.0,1.0,1.0,1.0,1.0
G05Q01,2020-09-22,1.0,1.0,1.0,1.0,1.0,1.0,1.0
G05Q01,2020-09-23,1.0,1.0,1.0,1.0,1.0,1.0,1.0
G05Q01,2020-09-24,1.0,1.0,1.0,1.0,1.0,1.0,1.0
G05Q01,2020-09-25,1.0,1.0,1.0,1.0,1.0,1.0,1.0
G05Q01,2020-09-26,1.0,1.0,1.0,1.0,1.0,1.0,1.0
G05Q01,2020-09-27,1.0,1.0,1.0,1.0,1.0,1.0,1.0
G05Q01,2020-09-28,1.0,1.0,1.0,1.0,1.0,1.0,1.0
G05Q01,2020-09-29,1.0,1.0,1.0,1.0,1.0,1.0,1.0
G05Q01,2020-09-30,1.0,1.0,1.0,1.0,1.0,1.0,1.0
G05Q01,2020-10-01,1.0,1.0,1.0,1.0,1.0,1.0,1.0
G05Q01,2020-10-02,1.0,1.0,1.0,1.0,1.0,1.0,1.0
G05Q01,2020-10-03,1.0,1.0,1.0,1.0,1.0,1.0,1.0
G05Q01,2020-10-04,1.0,1.0,1.0,1.0,1.0,1.0,1.0
G05Q01,2020-10-05,1.0,1.0,1.0,1.0,1.0,1.0,1.0
G05Q01,2020-10-06,1.0,1.0,1.0,1.0,1.0,1.0,1.0
G05Q01,2020-10-07,1.0,1.0,1.0,1.0,1.0,1.0,1.0
G05Q02,2020-09-20,1.0,1.0,1.0,1.0,1.0,1.0,1.0
G05Q02,2020-09-21,1.0,1.0,1.0,1.0,1.0,1.0,1.0
G05Q02,2020-09-22,1.0,1.0,1.0,1.0,1.0,1.0,1.0
G05Q02,2020-09-23,1.0,1.0,1.0,1.0,1.0,1.0,1.0
G05Q02,2020-09-24,1.0,1.0,1.0,1.0,1.0,1.0,1.0
G05Q02,2020-09-25,1.0,1.0,1.0,1.0,1.0,1.0,1.0
G05Q02,2020-09-26,1.0,1.0,1.0,1.0,1.0,1.0,1.0
G05Q02,2020-09-27,1.0,1.0,1.0,1.0,1.0,1.0,1.0
G05Q02,2020-09-28,1.0,1.0,1.0,1.0,1.0,1.0,1.0
G05Q02,2020-09-29,1.0,1.0,1.0,1.0,1.0,1.0,1.0
G05Q02,2020-09-30,1.0,1.0,1.0,1.0,1.0,1.0,1.0
G05Q02,2020-10-01,1.0,1.0,1.0,1.0,1.0,1.0,1.0
G05Q02,2020-10-02,1.0,1.0,1.0,1.0,1.0,1.0,1.0
G05Q02,2020-10-03,1.0,1.0,1.0,1.0,1.0,1.0,1.0
G05Q02,2020-10-04,1.0,1.0,1.0,1.0,1.0,1.0,1.0
G05Q02,2020-10-05,1.0,1.0,1.0,1.0,1.0,1.0,1.0
G05Q02,2020-10-06,1.0,1.0,1.0,1.0,1.0,1.0,1.0
G05Q02,2020-10-07,1.0,1.0,1.0,1.0,1.0,1.0,1.0
G05Q03,2020-09-20,1.0,1.0,1.0,1.0,1.0,1.0,1.0
G05Q03,2020-09-21,1.0,1.0,1.0,1.0,1.0,1.0,1.0
G05Q03,2020-09-22,1.0,1.0,1.0,1.0,1.0,1.0,1.0
G05Q03,2020-09-23,1.0,1.0,1.0,1.0,1.0,1.0,1.0
G05Q03,2020-09-24,1.0,1.0,1.0,1.0,1.0,1.0,1.0
G05Q03,2020-09-25,1.0,1.0,1.0,1.0,1.0,1.0,1.0
G05Q03,2020-09-26,1.0,1.0,1.0,1.0,1.0,1.0,1.0
G05Q03,2020-09-27,1.0,1.0,1.0,1.0,1.0,1.0,1.0
G05Q03,2020-09-28,1.0,1.0,1.0,1.0,1.0,1.0,1.0
G05Q03,2020-09-29,1.0,1.0,1.0,1.0,1.0,1.0,1.0
G05Q03,2020-09-30,1.0,1.0,1.0,1.0,1.0,1.0,1.0
G05Q03,2020-10-01,1.0,1.0,1.0,1.0,1.0,1.0,1.0
G05Q03,2020-10-02,1.0,1.0,1.0,1.0,1.0,1.0,1.0
G05Q03,2020-10-03,1.0,1.0,1.0,1.0,1.0,1.0,1.0
G05Q03,2020-10-04,1.0,1.0,1.0,1.0,1.0,1.0,1.0
G05Q03,2020-10-05,1.0,1.0,1.0,1.0,1.0,1.0,1.0
G05Q03,2020-10-06,1.0,1.0,1.0,1.0,1.0,1.0,1.0
G05Q03,2020-10-07,1.0,1.0,1.0,1.0,1.0,1.0,1.0
G05Q04,2020-09-20,1.0,1.0,1.0,1.0,1.0,1.0,1.0
G05Q04,2020-09-21,1.0,1.0,1.0,1.0,1.0,1.0,1.0
G05Q04,2020-09-22,1.0,1.0,1.0,1.0,1.0,1.0,1.0
G05Q04,2020-09-23,1.0,1.0,1.0,1.0,1.0,1.0,1.0
G05Q04,2020-09-24,1.0,1.0,1.0,1.0,1.0,1.0,1.0
G05Q04,2020-09-25,1.0,1.0,1.0,1.0,1.0,1.0,1.0
G05Q04,2020-09-26,1.0,1.0,1.0,1.0,1.0,1.0,1.0
G05Q04,2020-09-27,1.0,1.0,1.0,1.0,1.0,1.0,1.0
G05Q04,2020-09-28,1.0,1.0,1.0,1.0,1.0,1.0,1.0
G05Q04,2020-09-29,1.0,1.0,1.0,1.0,1.0,1.0,1.0
G05Q04,2020-09-30,1.0,1.0,1.0,1.0,1.0,1.0,1.0
G05Q04,2020-10-01,1.0,1.0,1.0,1.0,1.0,1.0,1.0
G05Q04,2020-10-02,1.0,1.0,1.0,1.0,1.0,1.0,1.0
G05Q04,2020-10-03,1.0,1.0,1.0,1.0,1.0,1.0,1.0
G05Q04,2020-10-04,1.0,1.0,1.0,1.0,1.0,1.0,1.0
G05Q04,2020-10-05,1.0,1.0,1.0,1.0,1.0,1.0,1.0
G05Q04,2020-10-06,1.0,1.0,1.0,1.0,1.0,1.0,1.0
G05Q04,2020-10-07,1.0,1.0,1.0,1.0,1.0,1.0,1.0
G06Q01,2020-09-20,1.0,1.0,1.0,1.0,0.6,1.0,1.0
G06Q01,2020-09-21,1.0,1.0,1.0,1.0,0.6,1.0,1.0
G06Q01,2020-09-22,1.0,1.0,1.0,1.0,0.6,1.0,1.0
G06Q01,2020-09-23,1.0,1.0,1.0,1.0,0.6,1.0,1.0
G06Q01,2020-09-24,1.0,1.0,1.0,1.0,0.6,1.0,1.0
G06Q01,2020-09-25,1.0,1.0,1.0,1.0,0.6,1.0,1.0
G06Q01,2020-09-26,1.0,1.0,1.0,1.0,0.6,1.0,1.0
G06Q01,2020-09-27,1.0,1.0,1.0,1.0,0.6,1.0,1.0
G06Q01,2020-09-28,1.0,1.0,1.0,1.0,0.6,1.0,1.0
G06Q01,2020-09-29,1.0,1.0,1.0,1.0,0.6,1.0,1.0
G06Q01,2020-09-30,1.0,1.0,1.0,1.0,0.6,1.0,1.0
G06Q01,2020-10-01,1.0,1.0,1.0,1.0,0.6,1.0,1.0
G06Q01,2020-10-02,1.0,1.0,1.0,1.0,0.6,1.0,1.0
G06Q01,2020-10-03,1.0,1.0,1.0,1.0,0.6,1.0,1.0
G06Q01,2020-10-04,1.0,1.0,1.0,1.0,0.6,1.0,1.0
G06Q01,2020-10-05,1.0,1.0,1.0,1.0,0.6,1.0,1.0
G06Q01,2020-10-06,1.0,1.0,1.0,1.0,0.6,1.0,1.0
G06Q01,2020-10-07,1.0,1.0,1.0,1.0,0.6,1.0,1.0
G06Q02,2020-09-20,1.0,1.0,1.0,1.0,0.6,1.0,1.0
G06Q02,2020-09-21,1.0,1.0,1.0,1.0,0.6,1.0,1.0
G06Q02,2020-09-22,1.0,1.0,1.0,1.0,0.6,1.0,1.0
G06Q02,2020-09-23,1.0,1.0,1.0,1.0,0.6,1.0,1.0
G06Q02,2020-09-24,1.0,1.0,1.0,1.0,0.6,1.0,1.0
G06Q02,2020-09-25,1.0,1.0,1.0,1.0,0.6,1.0,1.0
G06Q02,2020-09-26,1.0,1.0,1.0,1.0,0.6,1.0,1.0
G06Q02,2020-09-27,1.0,1.0,1.0,1.0,0.6,1.0,1.0
G06Q02,2020-09-28,1.0,1.0,1.0,1.0,0.6,1.0,1.0
G06Q02,2020-09-29,1.0,1.0,1.0,1.0,0.6,1.0,1.0
G06Q02,2020-09-30,1.0,1.0,1.0,1.0,0.6,1.0,1.0
G06Q02,2020-10-01,1.0,1.0,1.0,1.0,0.6,1.0,1.0
G06Q02,2020-10-02,1.0,1.0,1.0,1.0,0.6,1.0,1.0
G06Q02,2020-10-03,1.0,1.0,1.0,1.0,0.6,1.0,1.0
G06Q02,2020-10-04,1.0,1.0,1.0,1.0,0.6,1.0,1.0
G06Q02,2020-10-05,1.0,1.0,1.0,1.0,0.6,1.0,1.0
G06Q02,2020-10-06,1.0,1.0,1.0,1.0,0.6,1.0,1.0
G06Q02,2020-10-07,1.0,1.0,1.0,1.0,0.6,1.0,1.0
G06Q03,2020-09-20,1.0,1.0,1.0,1.0,0.6,1.0,1.0
G06Q03,2020-09-21,1.0,1.0,1.0,1.0,0.6,1.0,1.0
G06Q03,2020-09-22,1.0,1.0,1.0,1.0,0.6,1.0,1.0
G06Q03,2020-09-23,1.0,1.0,1.0,1.0,0.6,1.0,1.0
G06Q03,2020-09-24,1.0,1.0,1.0,1.0,0.6,1.0,1.0
G06Q03,2020-09-25,1.0,1.0,1.0,1.0,0.6,1.0,1.0
G06Q03,2020-09-26,1.0,1.0,1.0,1.0,0.6,1.0,1.0
G06Q03,2020-09-27,1.0,1.0,1.0,1.0,0.6,1.0,1.0
G06Q03,2020-09-28,1.0,1.0,1.0,1.0,0.6,1.0,1.0
G06Q03,2020-09-29,1.0,1.0,1.0,1.0,0.6,1.0,1.0
G06Q03,2020-09-30,1.0,1.0,1.0,1.0,0.6,1.0,1.0
G06Q03,2020-10-01,1.0,1.0,1.0,1.0,0.6,1.0,1.0
G06Q03,2020-10-02,1.0,1.0,1.0,1.0,0.6,1.0,1.0
G06Q03,2020-10-03,1.0,1.0,1.0,1.0,0.6,1.0,1.0
G06Q03,2020-10-04,1.0,1.0,1.0,1.0,0.6,1.0,1.0
G06Q03,2020-10-05,1.0,1.0,1.0,1.0,0.6,1.0,1.0
G06Q03,2020-10-06,1.0,1.0,1.0,1.0,0.6,1.0,1.0
G06Q03,2020-10-07,1.0,1.0,1.0,1.0,0.6,1.0,1.0
G06Q04,2020-09-20,1.0,1.0,1.0,1.0,0.6,1.0,1.0
G06Q04,2020-09-21,1.0,1.0,1.0,1.0,0.6,1.0,1.0
G06Q04,2020-09-22,1.0,1.0,1.0,1.0,0.6,1.0,1.0
G06Q04,2020-09-23,1.0,1.0,1.0,1.0,0.6,1.0,1.0
G06Q04,2020-09-24,1.0,1.0,1.0,1.0,0.6,1.0,1.0
G06Q04,2020-09-25,1.0,1.0,1.0,1.0,0.6,1.0,1.0
G06Q04,2020-09-26,1.0,1.0,1.0,1.0,0.6,1.0,1.0
G06Q04,2020-09-27,1.0,1.0,1.0,1.0,0.6,1.0,1.0
G06Q04,2020-09-28,1.0,1.0,1.0,1.0,0.6,1.0,1.0
G06Q04,2020-09-29,1.0,1.0,1.0,1.0,0.6,1.0,1.0
G06Q04,2020-09-30,1.0,1.0,1.0,1.0,0.6,1.0,1.0
G06Q04,2020-10-01,1.0,1.0,1.0,1.0,0.6,1.0,1.0
G06Q04,2020-10-02,1.0,1.0,1.0,1.0,0.6,1.0,1.0
G06Q04,2020-10-03,1.0,1.0,1.0,1.0,0.6,1.0,1.0
G06Q04,2020-10-04,1.0,1.0,1.0,1.0,0.6,1.0,1.0
G06Q04,2020-10-05,1.0,1.0,1.0,1.0,0.6,1.0,1.0
G06Q04,2020-10-06,1.0,1.0,1.0,1.0,0.6,1.0,1.0
G06Q04,2020-10-07,1.0,1.0,1.0,1.0,0.6,1.0,1.0
G06Q05,2020-09-20,1.0,1.0,1.0,1.0,0.6,1.0,1.0
G06Q05,2020-09-21,1.0,1.0,1.0,1.0,0.6,1.0,1.0
G06Q05,2020-09-22,1.0,1.0,1.0,1.0,0.6,1.0,1.0
G06Q05,2020-09-23,1.0,1.0,1.0,1.0,0.6,1.0,1.0
G06Q05,2020-09-24,1.0,1.0,1.0,1.0,0.6,1.0,1.0
G06Q05,2020-09-25,1.0,1.0,1.0,1.0,0.6,1.0,1.0
G06Q05,2020-09-26,1.0,1.0,1.0,1.0,0.6,1.0,1.0
G06Q05,2020-09-27,1.0,1.0,1.0,1.0,0.6,1.0,1.0
G06Q05,2020-09-28,1.0,1.0,1.0,1.0,0.6,1.0,1.0
G06Q05,2020-09-29,1.0,1.0,1.0,1.0,0.6,1.0,1.0
G06Q05,2020-09-30,1.0,1.0,1.0,1.0,0.6,1.0,1.0
G06Q05,2020-10-01,1.0,1.0,1.0,1.0,0.6,1.0,1.0
G06Q05,2020-10-02,1.0,1.0,1.0,1.0,0.6,1.0,1.0
G06Q05,2020-10-03,1.0,1.0,1.0,1.0,0.6,1.0,1.0
G06Q05,2020-10-04,1.0,1.0,1.0,1.0,0.6,1.0,1.0
G06Q05,2020-10-05,1.0,1.0,1.0,1.0,0.6,1.0,1.0
G06Q05,2020-10-06,1.0,1.0,1.0,1.0,0.6,1.0,1.0
G06Q05,2020-10-07,1.0,1.0,1.0,1.0,0.6,1.0,1.0
G06Q06,2020-09-20,1.0,1.0,1.0,1.0,0.6,1.0,1.0
G06Q06,2020-09-21,1.0,1.0,1.0,1.0,0.6,1.0,1.0
G06Q06,2020-09-22,1.0,1.0,1.0,1.0,0.6,1.0,1.0
G06Q06,2020-09-23,1.0,1.0,1.0,1.0,0.6,1.0,1.0
G06Q06,2020-09-24,1.0,1.0,1.0,1.0,0.6,1.0,1.0
G06Q06,2020-09-25,1.0,1.0,1.0,1.0,0.6,1.0,1.0
G06Q06,2020-09-26,1.0,1.0,1.0,1.0,0.6,1.0,1.0
G06Q06,2020-09-27,1.0,1.0,1.0,1.0,0.6,1.0,1.0
G06Q06,2020-09-28,1.0,1.0,1.0,1.0,0.6,1.0,1.0
G06Q06,2020-09-29,1.0,1.0,1.0,1.0,0.6,1.0,1.0
G06Q06,2020-09-30,1.0,1.0,1.0,1.0,0.6,1.0,1.0
G06Q06,2020-10-01,1.0,1.0,1.0,1.0,0.6,1.0,1.0
G06Q06,2020-10-02,1.0,1.0,1.0,1.0,0.6,1.0,1.0
G06Q06,2020-10-03,1.0,1.0,1.0,1.0,0.6,1.0,1.0
G06Q06,2020-10-04,1.0,1.0,1.0,1.0,0.6,1.0,1.0
G06Q06,2020-10-05,1.0,1.0,1.0,1.0,0.6,1.0,1.0
G06Q06,2020-10-06,1.0,1.0,1.0,1.0,0.6,1.0,1.0
G06Q06,2020-10-07,1.0,1.0,1.0,1.0,0.6,1.0,1.0
G06Q07,2020-09-20,1.0,1.0,1.0,1.0,0.6,1.0,1.0
G06Q07,2020-09-21,1.0,1.0,1.0,1.0,0.6,1.0,1.0
G06Q07,2020-09-22,1.0,1.0,1.0,1.0,0.6,1.0,1.0
G06Q07,2020-09-23,1.0,1.0,1.0,1.0,0.6,1.0,1.0
G06Q07,2020-09-24,1.0,1.0,1.0,1.0,0.6,1.0,1.0
G06Q07,2020-09-25,1.0,1.0,1.0,1.0,0.6,1.0,1.0
G06Q07,2020-09-26,1.0,1.0,1.0,1.0,0.6,1.0,1.0
G06Q07,2020-09-27,1.0,1.0,1.0,1.0,0.6,1.0,1.0
G06Q07,2020-09-28,1.0,1.0,1.0,1.0,0.6,1.0,1.0
G06Q07,2020-09-29,1.0,1.0,1.0,1.0,0.6,1.0,1.0
G06Q07,2020-09-30,1.0,1.0,1.0,1.0,0.6,1.0,1.0
G06Q07,2020-10-01,1.0,1.0,1.0,1.0,0.6,1.0,1.0
G06Q07,2020-10-02,1.0,1.0,1.0,1.0,0.6,1.0,1.0
G06Q07,2020-10-03,1.0,1.0,1.0,1.0,0.6,1.0,1.0
G06Q07,2020-10-04,1.0,1.0,1.0,1.0,0.6,1.0,1.0
G06Q07,2020-10-05,1.0,1.0,1.0,1.0,0.6,1.0,1.0
G06Q07,2020-10-06,1.0,1.0,1.0,1.0,0.6,1.0,1.0
G06Q07,2020-10-07,1.0,1.0,1.0,1.0,0.6,1.0,1.0
G06Q08,2020-09-20,1.0,1.0,1.0,1.0,0.6,1.0,1.0
G06Q08,2020-09-21,1.0,1.0,1.0,1.0,0.6,1.0,1.0
G06Q08,2020-09-22,1.0,1.0,1.0,1.0,0.6,1.0,1.0
G06Q08,2020-09-23,1.0,1.0,1.0,1.0,0.6,1.0,1.0
G06Q08,2020-09-24,1.0,1.0,1.0,1.0,0.6,1.0,1.0
G06Q08,2020-09-25,1.0,1.0,1.0,1.0,0.6,1.0,1.0
G06Q08,2020-09-26,1.0,1.0,1.0,1.0,0.6,1.0,1.0
G06Q08,2020-09-27,1.0,1.0,1.0,1.0,0.6,1.0,1.0
G06Q08,2020-09-28,1.0,1.0,1.0,1.0,0.6,1.0,1.0
G06Q08,2020-09-29,1.0,1.0,1.0,1.0,0.6,1.0,1.0
G06Q08,2020-09-30,1.0,1.0,1.0,1.0,0.6,1.0,1.0
G06Q08,2020-10-01,1.0,1.0,1.0,1.0,0.6,1.0,1.0
G06Q08,2020-10-02,1.0,1.0,1.0,1.0,0.6,1.0,1.0
G06Q08,2020-10-03,1.0,1.0,1.0,1.0,0.6,1.0,1.0
G06Q08,2020-10-04,1.0,1.0,1.0,1.0,0.6,1.0,1.0
G06Q08,2020-10-05,1.0,1.0,1.0,1.0,0.6,1.0,1.0
G06Q08,2020-10-06,1.0,1.0,1.0,1.0,0.6,1.0,1.0
G06Q08,2020-10-07,1.0,1.0,1.0,1.0,0.6,1.0,1.0
G06Q09,2020-09-20,1.0,1.0,1.0,1.0,0.6,1.0,1.0
G06Q09,2020-09-21,1.0,1.0,1.0,1.0,0.6,1.0,1.0
G06Q09,2020-09-22,1.0,1.0,1.0,1.0,0.6,1.0,1.0
G06Q09,2020-09-23,1.0,1.0,1.0,1.0,0.6,1.0,1.0
G06Q09,2020-09-24,1.0,1.0,1.0,1.0,0.6,1.0,1.0
G06Q09,2020-09-25,1.0,1.0,1.0,1.0,0.6,1.0,1.0
G06Q09,2020-09-26,1.0,1.0,1.0,1.0,0.6,1.0,1.0
G06Q09,2020-09-27,1.0,1.0,1.0,1.0,0.6,1.0,1.0
G06Q09,2020-09-28,1.0,1.0,1.0,1.0,0.6,1.0,1.0
G06Q09,2020-09-29,1.0,1.0,1.0,1.0,0.6,1.0,1.0
G06Q09,2020-09-30,1.0,1.0,1.0,1.0,0.6,1.0,1.0
G06Q09,2020-10-01,1.0,1.0,1.0,1.0,0.6,1.0,1.0
G06Q09,2020-10-02,1.0,1.0,1.0,1.0,0.6,1.0,1.0
G06Q09,2020-10-03,1.0,1.0,1.0,1.0,0.6,1.0,1.0
G06Q09,2020-10-04,1.0,1.0,1.0,1.0,0.6,1.0,1.0
G06Q09,2020-10-05,1.0,1.0,1.0,1.0,0.6,1.0,1.0
G06Q09,2020-10-06,1.0,1.0,1.0,1.0,0.6,1.0,1.0
G06Q09,2020-10-07,1.0,1.0,1.0,1.0,0.6,1.0,1.0
G06Q10,2020-09-20,1.0,1.0,1.0,1.0,0.6,1.0,1.0
G06Q10,2020-09-21,1.0,1.0,1.0,1.0,0.6,1.0,1.0
G06Q10,2020-09-22,1.0,1.0,1.0,1.0,0.6,1.0,1.0
G06Q10,2020-09-23,1.0,1.0,1.0,1.0,0.6,1.0,1.0
G06Q10,2020-09-24,1.0,1.0,1.0,1.0,0.6,1.0,1.0
G06Q10,2020-09-25,1.0,1.0,1.0,1.0,0.6,1.0,1.0
G06Q10,2020-09-26,1.0,1.0,1.0,1.0,0.6,1.0,1.0
G06Q10,2020-09-27,1.0,1.0,1.0,1.0,0.6,1.0,1.0
G06Q10,2020-09-28,1.0,1.0,1.0,1.0,0.6,1.0,1.0
G06Q10,2020-09-29,1.0,1.0,1.0,1.0,0.6,1.0,1.0
G06Q10,2020-09-30,1.0,1.0,1.0,1.0,0.6,1.0,1.0
G06Q10,2020-10-01,1.0,1.0,1.0,1.0,0.6,1.0,1.0
G06Q10,2020-10-02,1.0,1.0,1.0,1.0,0.6,1.0,1.0
G06Q10,2020-10-03,1.0,1.0,1.0,1.0,0.6,1.0,1.0
G06Q10,2020-10-04,1.0,1.0,1.0,1.0,0.6,1.0,1.0
G06Q10,2020-10-05,1.0,1.0,1.0,1.0,0.6,1.0,1.0
G06Q10,2020-10-06,1.0,1.0,1.0,1.0,0.6,1.0,1.0
G06Q10,2020-10-07,1.0,1.0,1.0,1.0,0.6,1.0,1.0
G07Q01,2020-09-20,1.0,1.0,1.0,1.0,1.0,1.0,1.0
G07Q01,2020-09-21,1.0,1.0,1.0,1.0,1.0,1.0,1.0
G07Q01,2020-09-22,1.0,1.0,1.0,1.0,1.0,1.0,1.0
G07Q01,2020-09-23,1.0,1.0,1.0,1.0,1.0,1.0,1.0
G07Q01,2020-09-24,1.0,1.0,1.0,1.0,1.0,1.0,1.0
G07Q01,2020-09-25,1.0,1.0,1.0,1.0,1.0,1.0,1.0
G07Q01,2020-09-26,1.0,1.0,1.0,1.0,1.0,1.0,1.0
G07Q01,2020-09-27,1.0,1.0,1.0,1.0,1.0,1.0,1.0
G07Q01,2020-09-28,1.0,1.0,1.0,1.0,1.0,1.0,1.0
G07Q01,2020-09-29,1.0,1.0,1.0,1.0,1.0,1.0,1.0
G07Q01,2020-09-30,1.0,1.0,1.0,1.0,1.0,1.0,1.0
G07Q01,2020-10-01,1.0,1.0,1.0,1.0,1.0,1.0,1.0
G07Q01,2020-10-02,1.0,1.0,1.0,1.0,1.0,1.0,1.0
G07Q01,2020-10-03,1.0,1.0,1.0,1.0,1.0,1.0,1.0
G07Q01,2020-10-04,1.0,1.0,1.0,1.0,1.0,1.0,1.0
G07Q01,2020-10-05,1.0,1.0,1.0,1.0,1.0,1.0,1.0
G07Q01,2020-10-06,1.0,1.0,1.0,1.0,1.0,1.0,1.0
G07Q01,2020-10-07,1.0,1.0,1.0,1.0,1.0,1.0,1.0
G07Q02,2020-09-20,1.0,1.0,1.0,1.0,1.0,1.0,1.0
G07Q02,2020-09-21,1.0,1.0,1.0,1.0,1.0,1.0,1.0
G07Q02,2020-09-22,1.0,1.0,1.0,1.0,1.0,1.0,1.0
G07Q02,2020-09-23,1.0,1.0,1.0,1.0,1.0,1.0,1.0
G07Q02,2020-09-24,1.0,1.0,1.0,1.0,1.0,1.0,1.0
G07Q02,2020-09-25,1.0,1.0,1.0,1.0,1.0,1.0,1.0
G07Q02,2020-09-26,1.0,1.0,1.0,1.0,1.0,1.0,1.0
G07Q02,2020-09-27,1.0,1.0,1.0,1.0,1.0,1.0,1.0
G07Q02,2020-09-28,1.0,1.0,1.0,1.0,1.0,1.0,1.0
G07Q02,2020-09-29,1.0,1.0,1.0,1.0,1.0,1.0,1.0
G07Q02,2020-09-30,1.0,1.0,1.0,1.0,1.0,1.0,1.0
G07Q02,2020-10-01,1.0,1.0,1.0,1.0,1.0,1.0,1.0
G07Q02,2020-10-02,1.0,1.0,1.0,1.0,1.0,1.0,1.0
G07Q02,2020-10-03,1.0,1.0,1.0,1.0,1.0,1.0,1.0
G07Q02,2020-10-04,1.0,1.0,1.0,1.0,1.0,1.0,1.0
G07Q02,2020-10-05,1.0,1.0,1.0,1.0,1.0,1.0,1.0
G07Q02,2020-10-06,1.0,1.0,1.0,1.0,1.0,1.0,1.0
G07Q02,2020-10-07,1.0,1.0,1.0,1.0,1.0,1.0,1.0
G07Q03,2020-09-20,1.0,1.0,1.0,1.0,1.0,1.0,1.0
G07Q03,2020-09-21,1.0,1.0,1.0,1.0,1.0,1.0,1.0
G07Q03,2020-09-22,1.0,1.0,1.0,1.0,1.0,1.0,1.0
G07Q03,2020-09-23,1.0,1.0,1.0,1.0,1.0,1.0,1.0
G07Q03,2020-09-24,1.0,1.0,1.0,1.0,1.0,1.0,1.0
G07Q03,2020-09-25,1.0,1.0,1.0,1.0,1.0,1.0,1.0
G07Q03,2020-09-26,1.0,1.0,1.0,1.0,1.0,1.0,1.0
G07Q03,2020-09-27,1.0,1.0,1.0,1.0,1.0,1.0,1.0
G07Q03,2020-09-28,1.0,1.0,1.0,1.0,1.0,1.0,1.0
G07Q03,2020-09-29,1.0,1.0,1.0,1.0,1.0,1.0,1.0
G07Q03,2020-09-30,1.0,1.0,1.0,1.0,1.0,1.0,1.0
G07Q03,2020-10-01,1.0,1.0,1.0,1.0,1.0,1.0,1.0
G07Q03,2020-10-02,1.0,1.0,1.0,1.0,1.0,1.0,1.0
G07Q03,2020-10-03,1.0,1.0,1.0,1.0,1.0,1.0,1.0
G07Q03,2020-10-04,1.0,1.0,1.0,1.0,1.0,1.0,1.0
G07Q03,2020-10-05,1.0,1.0,1.0,1.0,1.0,1.0,1.0
G07Q03,2020-10-06,1.0,1.0,1.0,1.0,1.0,1.0,1.0
G07Q03,2020-10-07,1.0,1.0,1.0,1.0,1.0,1.0,1.0
G07Q04,2020-09-20,1.0,1.0,1.0,1.0,1.0,1.0,1.0
G07Q04,2020-09-21,1.0,1.0,1.0,1.0,1.0,1.0,1.0
G07Q04,2020-09-22,1.0,1.0,1.0,1.0,1.0,1.0,1.0
G07Q04,2020-09-23,1.0,1.0,1.0,1.0,1.0,1.0,1.0
G07Q04,2020-09-24,1.0,1.0,1.0,1.0,1.0,1.0,1.0
G07Q04,2020-09-25,1.0,1.0,1.0,1.0,1.0,1.0,1.0
G07Q04,2020-09-26,1.0,1.0,1.0,1.0,1.0,1.0,1.0
G07Q04,2020-09-27,1.0,1.0,1.0,1.0,1.0,1.0,1.0
G07Q04,2020-09-28,1.0,1.0,1.0,1.0,1.0,1.0,1.0
G07Q04,2020-09-29,1.0,1.0,1.0,1.0,1.0,1.0,1.0
G07Q04,2020-09-30,1.0,1.0,1.0,1.0,1.0,1.0,1.0
G07Q04,2020-10-01,1.0,1.0,1.0,1.0,1.0,1.0,1.0
G07Q04,2020-10-02,1.0,1.0,1.0,1.0,1.0,1.0,1.0
G07Q04,2020-10-03,1.0,1.0,1.0,1.0,1.0,1.0,1.0
G07Q04,2020-10-04,1.0,1.0,1.0,1.0,1.0,1.0,1.0
G07Q04,2020-10-05,1.0,1.0,1.0,1.0,1.0,1.0,1.0
G07Q04,2020-10-06,1.0,1.0,1.0,1.0,1.0,1.0,1.0
G07Q04,2020-10-07,1.0,1.0,1.0,1.0,1.0,1.0,1.0
G08Q01,2020-09-20,1.0,1.0,1.0,1.0,1.0,1.0,1.0
G08Q01,2020-09-21,1.0,1.0,1.0,1.0,1.0,1.0,1.0
G08Q01,2020-09-22,1.0,1.0,1.0,1.0,1.0,1.0,1.0
G08Q01,2020-09-23,1.0,1.0,1.0,1.0,1.0,1.0,1.0
G08Q01,2020-09-24,1.0,1.0,1.0,1.0,1.0,1.0,1.0
G08Q01,2020-09-25,1.0,1.0,1.0,1.0,1.0,1.0,1.0
G08Q01,2020-09-26,1.0,1.0,1.0,1.0,1.0,1.0,1.0
G08Q01,2020-09-27,1.0,1.0,1.0,1.0,1.0,1.0,1.0
G08Q01,2020-09-28,1.0,1.0,1.0,1.0,1.0,1.0,1.0
G08Q01,2020-09-29,1.0,1.0,1.0,1.0,1.0,1.0,1.0
G08Q01,2020-09-30,1.0,1.0,1.0,1.0,1.0,1.0,1.0
G08Q01,2020-10-01,1.0,1.0,1.0,1.0,1.0,1.0,1.0
G08Q01,2020-10-02,1.0,1.0,1.0,1.0,1.0,1.0,1.0
G08Q01,2020-10-03,1.0,1.0,1.0,1.0,1.0,1.0,1.0
G08Q01,2020-10-04,1.0,1.0,1.0,1.0,1.0,1.0,1.0
G08Q01,2020-10-05,1.0,1.0,1.0,1.0,1.0,1.0,1.0
G08Q01,2020-10-06,1.0,1.0,1.0,1.0,1.0,1.0,1.0
G08Q01,2020-10-07,1.0,1.0,1.0,1.0,1.0,1.0,1.0
G08Q02,2020-09-20,1.0,1.0,1.0,1.0,1.0,1.0,1.0
G08Q02,2020-09-21,1.0,1.0,1.0,1.0,1.0,1.0,1.0
G08Q02,2020-09-22,1.0,1.0,1.0,1.0,1.0,1.0,1.0
G08Q02,2020-09-23,1.0,1.0,1.0,1.0,1.0,1.0,1.0
G08Q02,2020-09-24,1.0,1.0,1.0,1.0,1.0,1.0,1.0
G08Q02,2020-09-25,1.0,1.0,1.0,1.0,1.0,1.0,1.0
G08Q02,2020-09-26,1.0,1.0,1.0,1.0,1.0,1.0,1.0
G08Q02,2020-09-27,1.0,1.0,1.0,1.0,1.0,1.0,1.0
G08Q02,2020-09-28,1.0,1.0,1.0,1.0,1.0,1.0,1.0
G08Q02,2020-09-29,1.0,1.0,1.0,1.0,1.0,1.0,1.0
G08Q02,2020-09-30,1.0,1.0,1.0,1.0,1.0,1.0,1.0
G08Q02,2020-10-01,1.0,1.0,1.0,1.0,1.0,1.0,1.0
G08Q02,2020-10-02,1.0,1.0,1.0,1.0,1.0,1.0,1.0
G08Q02,2020-10-03,1.0,1.0,1.0,1.0,1.0,1.0,1.0
G08Q02,2020-10-04,1.0,1.0,1.0,1.0,1.0,1.0,1.0
G08Q02,2020-10-05,1.0,1.0,1.0,1.0,1.0,1.0,1.0
G08Q02,2020-10-06,1.0,1.0,1.0,1.0,1.0,1.0,1.0
G08Q02,2020-10-07,1.0,1.0,1.0,1.0,1.0,1.0,1.0
G08Q03,2020-09-20,1.0,1.0,1.0,1.0,1.0,1.0,1.0
G08Q03,2020-09-21,1.0,1.0,1.0,1.0,1.0,1.0,1.0
G08Q03,2020-09-22,1.0,1.0,1.0,1.0,1.0,1.0,1.0
G08Q03,2020-09-23,1.0,1.0,1.0,1.0,1.0,1.0,1.0
G08Q03,2020-09-24,1.0,1.0,1.0,1.0,1.0,1.0,1.0
G08Q03,2020-09-25,1.0,1.0,1.0,1.0,1.0,1.0,1.0
G08Q03,2020-09-26,1.0,1.0,1.0,1.0,1.0,1.0,1.0
G08Q03,2020-09-27,1.0,1.0,1.0,1.0,1.0,1.0,1.0
G08Q03,2020-09-28,1.0,1.0,1.0,1.0,1.0,1.0,1.0
G08Q03,2020-09-29,1.0,1.0,1.0,1.0,1.0,1.0,1.0
G08Q03,2020-09-30,1.0,1.0,1.0,1.0,1.0,1.0,1.0
G08Q03,2020-10-01,1.0,1.0,1.0,1.0,1.0,1.0,1.0
G08Q03,2020-10-02,1.0,1.0,1.0,1.0,1.0,1.0,1.0
G08Q03,2020-10-03,1.0,1.0,1.0,1.0,1.0,1.0,1.0
G08Q03,2020-10-04,1.0,1.0,1.0,1.0,1.0,1.0,1.0
G08Q03,2020-10-05,1.0,1.0,1.0,1.0,1.0,1.0,1.0
G08Q03,2020-10-06,1.0,1.0,1.0,1.0,1.0,1.0,1.0
G08Q03,2020-10-07,1.0,1.0,1.0,1.0,1.0,1.0,1.0
G08Q04,2020-09-20,1.0,1.0,1.0,1.0,1.0,1.0,1.0
G08Q04,2020-09-21,1.0,1.0,1.0,1.0,1.0,1.0,1.0
G08Q04,2020-09-22,1.0,1.0,1.0,1.0,1.0,1.0,1.0
G08Q04,2020-09-23,1.0,1.0,1.0,1.0,1.0,1.0,1.0
G08Q04,2020-09-24,1.0,1.0,1.0,1.0,1.0,1.0,1.0
G08Q04,2020-09-25,1.0,1.0,1.0,1.0,1.0,1.0,1.0
G08Q04,2020-09-26,1.0,1.0,1.0,1.0,1.0,1.0,1.0
G08Q04,2020-09-27,1.0,1.0,1.0,1.0,1.0,1.0,1.0
G08Q04,2020-09-28,1.0,1.0,1.0,1.0,1.0,1.0,1.0
G08Q04,2020-09-29,1.0,1.0,1.0,1.0,1.0,1.0,1.0
G08Q04,2020-09-30,1.0,1.0,1.0,1.0,1.0,1.0,1.0
G08Q04,2020-10-01,1.0,1.0,1.0,1.0,1.0,1.0,1.0
G08Q04,2020-10-02,1.0,1.0,1.0,1.0,1.0,1.0,1.0
G08Q04,2020-10-03,1.0,1.0,1.0,1.0,1.0,1.0,1.0
G08Q04,2020-10-04,1.0,1.0,1.0,1.0,1.0,1.0,1.0
G08Q04,2020-10-05,1.0,1.0,1.0,1.0,1.0,1.0,1.0
G08Q04,2020-10-06,1.0,1.0,1.0,1.0,1.0,1.0,1.0
G08Q04,2020-10-07,1.0,1.0,1.0,1.0,1.0,1.0,1.0
G08Q05,2020-09-20,1.0,1.0,1.0,1.0,1.0,1.0,1.0
G08Q05,2020-09-21,1.0,1.0,1.0,1.0,1.0,1.0,1.0
G08Q05,2020-09-22,1.0,1.0,1.0,1.0,1.0,1.0,1.0
G08Q05,2020-09-23,1.0,1.0,1.0,1.0,1.0,1.0,1.0
G08Q05,2020-09-24,1.0,1.0,1.0,1.0,1.0,1.0,1.0
G08Q05,2020-09-25,1.0,1.0,1.0,1.0,1.0,1.0,1.0
G08Q05,2020-09-26,1.0,1.0,1.0,1.0,1.0,1.0,1.0
G08Q05,2020-09-27,1.0,1.0,1.0,1.0,1.0,1.0,1.0
G08Q05,2020-09-28,1.0,1.0,1.0,1.0,1.0,1.0,1.0
G08Q05,2020-09-29,1.0,1.0,1.0,1.0,1.0,1.0,1.0
G08Q05,2020-09-30,1.0,1.0,1.0,1.0,1.0,1.0,1.0
G08Q05,2020-10-01,1.0,1.0,1.0,1.0,1.0,1.0,1.0
G08Q05,2020-10-02,1.0,1.0,1.0,1.0,1.0,1.0,1.0
G08Q05,2020-10-03,1.0,1.0,1.0,1.0,1.0,1.0,1.0
G08Q05,2020-10-04,1.0,1.0,1.0,1.0,1.0,1.0,1.0
G08Q05,2020-10-05,1.0,1.0,1.0,1.0,1.0,1.0,1.0
G08Q05,2020-10-06,1.0,1.0,1.0,1.0,1.0,1.0,1.0
G08Q05,2020-10-07,1.0,1.0,1.0,1.0,1.0,1.0,1.0
G08Q06,2020-09-20,1.0,1.0,1.0,1.0,1.0,1.0,1.0
G08Q06,2020-09-21,1.0,1.0,1.0,1.0,1.0,1.0,1.0
G08Q06,2020-09-22,1.0,1.0,1.0,1.0,1.0,1.0,1.0
G08Q06,2020-09-23,1.0,1.0,1.0,1.0,1.0,1.0,1.0
G08Q06,2020-09-24,1.0,1.0,1.0,1.0,1.0,1.0,1.0
G08Q06,2020-09-25,1.0,1.0,1.0,1.0,1.0,1.0,1.0
G08Q06,2020-09-26,1.0,1.0,1.0,1.0,1.0,1.0,1.0
G08Q06,2020-09-27,1.0,1.0,1.0,1.0,1.0,1.0,1.0
G08Q06,2020-09-28,1.0,1.0,1.0,1.0,1.0,1.0,1.0
G08Q06,2020-09-29,1.0,1.0,1.0,1.0,1.0,1.0,1.0
G08Q06,2020-09-30,1.0,1.0,1.0,1.0,1.0,1.0,1.0
G08Q06,2020-10-01,1.0,1.0,1.0,1.0,1.0,1.0,1.0
G08Q06,2020-10-02,1.0,1.0,1.0,1.0,1.0,1.0,1.0
G08Q06,2020-10-03,1.0,1.0,1.0,1.0,1.0,1.0,1.0
G08Q06,2020-10-04,1.0,1.0,1.0,1.0,1.0,1.0,1.0
G08Q06,2020-10-05,1.0,1.0,1.0,1.0,1.0,1.0,1.0
G08Q06,2020-10-06,1.0,1.0,1.0,1.0,1.0,1.0,1.0
G08Q06,2020-10-07,1.0,1.0,1.0,1.0,1.0,1.0,1.0
G08Q07,2020-09-20,1.0,1.0,1.0,1.0,1.0,1.0,1.0
G08Q07,2020-09-21,1.0,1.0,1.0,1.0,1.0,1.0,1.0
G08Q07,2020-09-22,1.0,1.0,1.0,1.0,1.0,1.0,1.0
G08Q07,2020-09-23,1.0,1.0,1.0,1.0,1.0,1.0,1.0
G08Q07,2020-09-24,1.0,1.0,1.0,1.0,1.0,1.0,1.0
G08Q07,2020-09-25,1.0,1.0,1.0,1.0,1.0,1.0,1.0
G08Q07,2020-09-26,1.0,1.0,1.0,1.0,1.0,1.0,1.0
G08Q07,2020-09-27,1.0,1.0,1.0,1.0,1.0,1.0,1.0
G08Q07,2020-09-28,1.0,1.0,1.0,1.0,1.0,1.0,1.0
G08Q07,2020-09-29,1.0,1.0,1.0,1.0,1.0,1.0,1.0
G08Q07,2020-09-30,1.0,1.0,1.0,1.0,1.0,1.0,1.0
G08Q07,2020-10-01,1.0,1.0,1.0,1.0,1.0,1.0,1.0
G08Q07,2020-10-02,1.0,1.0,1.0,1.0,1.0,1.0,1.0
G08Q07,2020-10-03,1.0,1.0,1.0,1.0,1.0,1.0,1.0
G08Q07,2020-10-04,1.0,1.0,1.0,1.0,1.0,1.0,1.0
G08Q07,2020-10-05,1.0,1.0,1.0,1.0,1.0,1.0,1.0
G08Q07,2020-10-06,1.0,1.0,1.0,1.0,1.0,1.0,1.0
G08Q07,2020-10-07,1.0,1.0,1.0,1.0,1.0,1.0,1.0
G09Q01,2020-09-20,1.0,1.0,1.0,1.0,0.6,1.0,1.0
G09Q01,2020-09-21,1.0,1.0,1.0,1.0,0.6,1.0,1.0
G09Q01,2020-09-22,1.0,1.0,1.0,1.0,0.6,1.0,1.0
G09Q01,2020-09-23,1.0,1.0,1.0,1.0,0.6,1.0,1.0
G09Q01,2020-09-24,1.0,1.0,1.0,1.0,0.6,1.0,1.0
G09Q01,2020-09-25,1.0,1.0,1.0,1.0,0.6,1.0,1.0
G09Q01,2020-09-26,1.0,1.0,1.0,1.0,0.6,1.0,1.0
G09Q01,2020-09-27,1.0,1.0,1.0,1.0,0.6,1.0,1.0
G09Q01,2020-09-28,1.0,1.0,1.0,1.0,0.6,1.0,1.0
G09Q01,2020-09-29,1.0,1.0,1.0,1.0,0.6,1.0,1.0
G09Q01,2020-09-30,1.0,1.0,1.0,1.0,0.6,1.0,1.0
G09Q01,2020-10-01,1.0,1.0,1.0,1.0,0.6,1.0,1.0
G09Q01,2020-10-02,1.0,1.0,1.0,1.0,0.6,1.0,1.0
G09Q01,2020-10-03,1.0,1.0,1.0,1.0,0.6,1.0,1.0
G09Q01,2020-10-04,1.0,1.0,1.0,1.0,0.6,1.0,1.0
G09Q01,2020-10-05,1.0,1.0,1.0,1.0,0.6,1.0,1.0
G09Q01,2020-10-06,1.0,1.0,1.0,1.0,0.6,1.0,1.0
G09Q01,2020-10-07,1.0,1.0,1.0,1.0,0.6,1.0,1.0
G09Q02,2020-09-20,1.0,1.0,1.0,1.0,0.6,1.0,1.0
G09Q02,2020-09-21,1.0,1.0,1.0,1.0,0.6,1.0,1.0
G09Q02,2020-09-22,1.0,1.0,1.0,1.0,0.6,1.0,1.0
G09Q02,2020-09-23,1.0,1.0,1.0,1.0,0.6,1.0,1.0
G09Q02,2020-09-24,1.0,1.0,1.0,1.0,0.6,1.0,1.0
G09Q02,2020-09-25,1.0,1.0,1.0,1.0,0.6,1.0,1.0
G09Q02,2020-09-26,1.0,1.0,1.0,1.0,0.6,1.0,1.0
G09Q02,2020-09-27,1.0,1.0,1.0,1.0,0.6,1.0,1.0
G09Q02,2020-09-28,1.0,1.0,1.0,1.0,0.6,1.0,1.0
G09Q02,2020-09-29,1.0,1.0,1.0,1.0,0.6,1.0,1.0
G09Q02,2020-09-30,1.0,1.0,1.0,1.0,0.6,1.0,1.0
G09Q02,2020-10-01,1.0,1.0,1.0,1.0,0.6,1.0,1.0
G09Q02,2020-10-02,1.0,1.0,1.0,1.0,0.6,1.0,1.0
G09Q02,2020-10-03,1.0,1.0,1.0,1.0,0.6,1.0,1.0
G09Q02,2020-10-04,1.0,1.0,1.0,1.0,0.6,1.0,1.0
G09Q02,2020-10-05,1.0,1.0,1.0,1.0,0.6,1.0,1.0
G09Q02,2020-10-06,1.0,1.0,1.0,1.0,0.6,1.0,1.0
G09Q02,2020-10-07,1.0,1.0,1.0,1.0,0.6,1.0,1.0
G09Q03,2020-09-20,1.0,1.0,1.0,1.0,0.6,1.0,1.0
G09Q03,2020-09-21,1.0,1.0,1.0,1.0,0.6,1.0,1.0
G09Q03,2020-09-22,1.0,1.0,1.0,1.0,0.6,1.0,1.0
G09Q03,2020-09-23,1.0,1.0,1.0,1.0,0.6,1.0,1.0
G09Q03,2020-09-24,1.0,1.0,1.0,1.0,0.6,1.0,1.0
G09Q03,2020-09-25,1.0,1.0,1.0,1.0,0.6,1.0,1.0
G09Q03,2020-09-26,1.0,1.0,1.0,1.0,0.6,1.0,1.0
G09Q03,2020-09-27,1.0,1.0,1.0,1.0,0.6,1.0,1.0
G09Q03,2020-09-28,1.0,1.0,1.0,1.0,0.6,1.0,1.0
G09Q03,2020-09-29,1.0,1.0,1.0,1.0,0.6,1.0,1.0
G09Q03,2020-09-30,1.0,1.0,1.0,1.0,0.6,1.0,1.0
G09Q03,2020-10-01,1.0,1.0,1.0,1.0,0.6,1.0,1.0
G09Q03,2020-10-02,1.0,1.0,1.0,1.0,0.6,1.0,1.0
G09Q03,2020-10-03,1.0,1.0,1.0,1.0,0.6,1.0,1.0
G09Q03,2020-10-04,1.0,1.0,1.0,1.0,0.6,1.0,1.0
G09Q03,2020-10-05,1.0,1.0,1.0,1.0,0.6,1.0,1.0
G09Q03,2020-10-06,1.0,1.0,1.0,1.0,0.6,1.0,1.0
G09Q03,2020-10-07,1.0,1.0,1.0,1.0,0.6,1.0,1.0
G09Q04,2020-09-20,1.0,1.0,1.0,1.0,0.6,1.0,1.0
G09Q04,2020-09-21,1.0,1.0,1.0,1.0,0.6,1.0,1.0
G09Q04,2020-09-22,1.0,1.0,1.0,1.0,0.6,1.0,1.0
G09Q04,2020-09-23,1.0,1.0,1.0,1.0,0.6,1.0,1.0
G09Q04,2020-09-24,1.0,1.0,1.0,1.0,0.6,1.0,1.0
G09Q04,2020-09-25,1.0,1.0,1.0,1.0,0.6,1.0,1.0
G09Q04,2020-09-26,1.0,1.0,1.0,1.0,0.6,1.0,1.0
G09Q04,2020-09-27,1.0,1.0,1.0,1.0,0.6,1.0,1.0
G09Q04,2020-09-28,1.0,1.0,1.0,1.0,0.6,1.0,1.0
G09Q04,2020-09-29,1.0,1.0,1.0,1.0,0.6,1.0,1.0
G09Q04,2020-09-30,1.0,1.0,1.0,1.0,0.6,1.0,1.0
G09Q04,2020-10-01,1.0,1.0,1.0,1.0,0.6,1.0,1.0
G09Q04,2020-10-02,1.0,1.0,1.0,1.0,0.6,1.0,1.0
G09Q04,2020-10-03,1.0,1.0,1.0,1.0,0.6,1.0,1.0
G09Q04,2020-10-04,1.0,1.0,1.0,1.0,0.6,1.0,1.0
G09Q04,2020-10-05,1.0,1.0,1.0,1.0,0.6,1.0,1.0
G09Q04,2020-10-06,1.0,1.0,1.0,1.0,0.6,1.0,1.0
G09Q04,2020-10-07,1.0,1.0,1.0,1.0,0.6,1.0,1.0
G10Q01,2020-09-20,1.0,1.0,1.0,1.0,1.0,1.0,1.0
G10Q01,2020-09-21,1.0,1.0,1.0,1.0,1.0,1.0,1.0
G10Q01,2020-09-22,1.0,1.0,1.0,1.0,1.0,1.0,1.0
G10Q01,2020-09-23,1.0,1.0,1.0,1.0,1.0,1.0,1.0
G10Q01,2020-09-24,1.0,1.0,1.0,1.0,1.0,1.0,1.0
G10Q01,2020-09-25,1.0,1.0,1.0,1.0,1.0,1.0,1.0
G10Q01,2020-09-26,1.0,1.0,1.0,1.0,1.0,1.0,1.0
G10Q01,2020-09-27,1.0,1.0,1.0,1.0,1.0,1.0,1.0
G10Q01,2020-09-28,1.0,1.0,1.0,1.0,1.0,1.0,1.0
G10Q01,2020-09-29,1.0,1.0,1.0,1.0,1.0,1.0,1.0
G10Q01,2020-09-30,1.0,1.0,1.0,1.0,1.0,1.0,1.0
G10Q01,2020-10-01,1.0,1.0,1.0,1.0,1.0,1.0,1.0
G10Q01,2020-10-02,1.0,1.0,1.0,1.0,1.0,1.0,1.0
G10Q01,2020-10-03,1.0,1.0,1.0,1.0,1.0,1.0,1.0
G10Q01,2020-10-04,1.0,1.0,1.0,1.0,1.0,1.0,1.0
G10Q01,2020-10-05,1.0,1.0,1.0,1.0,1.0,1.0,1.0
G10Q01,2020-10-06,1.0,1.0,1.0,1.0,1.0,1.0,1.0
G10Q01,2020-10-07,1.0,1.0,1.0,1.0,1.0,1.0,1.0
G10Q02,2020-09-20,1.0,1.0,1.0,1.0,1.0,1.0,1.0
G10Q02,2020-09-21,1.0,1.0,1.0,1.0,1.0,1.0,1.0
G10Q02,2020-09-22,1.0,1.0,1.0,1.0,1.0,1.0,1.0
G10Q02,2020-09-23,1.0,1.0,1.0,1.0,1.0,1.0,1.0
G10Q02,2020-09-24,1.0,1.0,1.0,1.0,1.0,1.0,1.0
G10Q02,2020-09-25,1.0,1.0,1.0,1.0,1.0,1.0,1.0
G10Q02,2020-09-26,1.0,1.0,1.0,1.0,1.0,1.0,1.0
G10Q02,2020-09-27,1.0,1.0,1.0,1.0,1.0,1.0,1.0
G10Q02,2020-09-28,1.0,1.0,1.0,1.0,1.0,1.0,1.0
G10Q02,2020-09-29,1.0,1.0,1.0,1.0,1.0,1.0,1.0
G10Q02,2020-09-30,1.0,1.0,1.0,1.0,1.0,1.0,1.0
G10Q02,2020-10-01,1.0,1.0,1.0,1.0,1.0,1.0,1.0
G10Q02,2020-10-02,1.0,1.0,1.0,1.0,1.0,1.0,1.0
G10Q02,2020-10-03,1.0,1.0,1.0,1.0,1.0,1.0,1.0
G10Q02,2020-10-04,1.0,1.0,1.0,1.0,1.0,1.0,1.0
G10Q02,2020-10-05,1.0,1.0,1.0,1.0,1.0,1.0,1.0
G10Q02,2020-10-06,1.0,1.0,1.0,1.0,1.0,1.0,1.0
G10Q02,2020-10-07,1.0,1.0,1.0,1.0,1.0,1.0,1.0
G10Q03,2020-09-20,1.0,1.0,1.0,1.0,1.0,1.0,1.0
G10Q03,2020-09-21,1.0,1.0,1.0,1.0,1.0,1.0,1.0
G10Q03,2020-09-22,1.0,1.0,1.0,1.0,1.0,1.0,1.0
G10Q03,2020-09-23,1.0,1.0,1.0,1.0,1.0,1.0,1.0
G10Q03,2020-09-24,1.0,1.0,1.0,1.0,1.0,1.0,1.0
G10Q03,2020-09-25,1.0,1.0,1.0,1.0,1.0,1.0,1.0
G10Q03,2020-09-26,1.0,1.0,1.0,1.0,1.0,1.0,1.0
G10Q03,2020-09-27,1.0,1.0,1.0,1.0,1.0,1.0,1.0
G10Q03,2020-09-28,1.0,1.0,1.0,1.0,1.0,1.0,1.0
G10Q03,2020-09-29,1.0,1.0,1.0,1.0,1.0,1.0,1.0
G10Q03,2020-09-30,1.0,1.0,1.0,1.0,1.0,1.0,1.0
G10Q03,2020-10-01,1.0,1.0,1.0,1.0,1.0,1.0,1.0
G10Q03,2020-10-02,1.0,1.0,1.0,1.0,1.0,1.0,1.0
G10Q03,2020-10-03,1.0,1.0,1.0,1.0,1.0,1.0,1.0
G10Q03,2020-10-04,1.0,1.0,1.0,1.0,1.0,1.0,1.0
G10Q03,2020-10-05,1.0,1.0,1.0,1.0,1.0,1.0,1.0
G10Q03,2020-10-06,1.0,1.0,1.0,1.0,1.0,1.0,1.0
G10Q03,2020-10-07,1.0,1.0,1.0,1.0,1.0,1.0,1.0
G10Q04,2020-09-20,1.0,1.0,1.0,1.0,1.0,1.0,1.0
G10Q04,2020-09-21,1.0,1.0,1.0,1.0,1.0,1.0,1.0
G10Q04,2020-09-22,1.0,1.0,1.0,1.0,1.0,1.0,1.0
G10Q04,2020-09-23,1.0,1.0,1.0,1.0,1.0,1.0,1.0
G10Q04,2020-09-24,1.0,1.0,1.0,1.0,1.0,1.0,1.0
G10Q04,2020-09-25,1.0,1.0,1.0,1.0,1.0,1.0,1.0
G10Q04,2020-09-26,1.0,1.0,1.0,1.0,1.0,1.0,1.0
G10Q04,2020-09-27,1.0,1.0,1.0,1.0,1.0,1.0,1.0
G10Q04,2020-09-28,1.0,1.0,1.0,1.0,1.0,1.0,1.0
G10Q04,2020-09-29,1.0,1.0,1.0,1.0,1.0,1.0,1.0
G10Q04,2020-09-30,1.0,1.0,1.0,1.0,1.0,1.0,1.0
G10Q04,2020-10-01,1.0,1.0,1.0,1.0,1.0,1.0,1.0
G10Q04,2020-10-02,1.0,1.0,1.0,1.0,1.0,1.0,1.0
G10Q04,2020-10-03,1.0,1.0,1.0,1.0,1.0,1.0,1.0
G10Q04,2020-10-04,1.0,1.0,1.0,1.0,1.0,1.0,1.0
G10Q04,2020-10-05,1.0,1.0,1.0,1.0,1.0,1.0,1.0
G10Q04,2020-10-06,1.0,1.0,1.0,1.0,1.0,1.0,1.0
G10Q04,2020-10-07,1.0,1.0,1.0,1.0,1.0,1.0,1.0
G10Q05,2020-09-20,1.0,1.0,1.0,1.0,1.0,1.0,1.0
G10Q05,2020-09-21,1.0,1.0,1.0,1.0,1.0,1.0,1.0
G10Q05,2020-09-22,1.0,1.0,1.0,1.0,1.0,1.0,1.0
G10Q05,2020-09-23,1.0,1.0,1.0,1.0,1.0,1.0,1.0
G10Q05,2020-09-24,1.0,1.0,1.0,1.0,1.0,1.0,1.0
G10Q05,2020-09-25,1.0,1.0,1.0,1.0,1.0,1.0,1.0
G10Q05,2020-09-26,1.0,1.0,1.0,1.0,1.0,1.0,1.0
G10Q05,2020-09-27,1.0,1.0,1.0,1.0,1.0,1.0,1.0
G10Q05,2020-09-28,1.0,1.0,1.0,1.0,1.0,1.0,1.0
G10Q05,2020-09-29,1.0,1.0,1.0,1.0,1.0,1.0,1.0
G10Q05,2020-09-30,1.0,1.0,1.0,1.0,1.0,1.0,1.0
G10Q05,2020-10-01,1.0,1.0,1.0,1.0,1.0,1.0,1.0
G10Q05,2020-10-02,1.0,1.0,1.0,1.0,1.0,1.0,1.0
G10Q05,2020-10-03,1.0,1.0,1.0,1.0,1.0,1.0,1.0
G10Q05,2020-10-04,1.0,1.0,1.0,1.0,1.0,1.0,1.0
G10Q05,2020-10-05,1.0,1.0,1.0,1.0,1.0,1.0,1.0
G10Q05,2020-10-06,1.0,1.0,1.0,1.0,1.0,1.0,1.0
G10Q05,2020-10-07,1.0,1.0,1.0,1.0,1.0,1.0,1.0
G10Q06,2020-09-20,1.0,1.0,1.0,1.0,1.0,1.0,1.0
G10Q06,2020-09-21,1.0,1.0,1.0,1.0,1.0,1.0,1.0
G10Q06,2020-09-22,1.0,1.0,1.0,1.0,1.0,1.0,1.0
G10Q06,2020-09-23,1.0,1.0,1.0,1.0,1.0,1.0,1.0
G10Q06,2020-09-24,1.0,1.0,1.0,1.0,1.0,1.0,1.0
G10Q06,2020-09-25,1.0,1.0,1.0,1.0,1.0,1.0,1.0
G10Q06,2020-09-26,1.0,1.0,1.0,1.0,1.0,1.0,1.0
G10Q06,2020-09-27,1.0,1.0,1.0,1.0,1.0,1.0,1.0
G10Q06,2020-09-28,1.0,1.0,1.0,1.0,1.0,1.0,1.0
G10Q06,2020-09-29,1.0,1.0,1.0,1.0,1.0,1.0,1.0
G10Q06,2020-09-30,1.0,1.0,1.0,1.0,1.0,1.0,1.0
G10Q06,2020-10-01,1.0,1.0,1.0,1.0,1.0,1.0,1.0
G10Q06,2020-10-02,1.0,1.0,1.0,1.0,1.0,1.0,1.0
G10Q06,2020-10-03,1.0,1.0,1.0,1.0,1.0,1.0,1.0
G10Q06,2020-10-04,1.0,1.0,1.0,1.0,1.0,1.0,1.0
G10Q06,2020-10-05,1.0,1.0,1.0,1.0,1.0,1.0,1.0
G10Q06,2020-10-06,1.0,1.0,1.0,1.0,1.0,1.0,1.0
G10Q06,2020-10-07,1.0,1.0,1.0,1.0,1.0,1.0,1.0
G11Q01,2020-09-20,1.0,1.0,1.0,1.0,0.6,1.0,1.0
G11Q01,2020-09-21,1.0,1.0,1.0,1.0,0.6,1.0,1.0
G11Q01,2020-09-22,1.0,1.0,1.0,1.0,0.6,1.0,1.0
G11Q01,2020-09-23,1.0,1.0,1.0,1.0,0.6,1.0,1.0
G11Q01,2020-09-24,1.0,1.0,1.0,1.0,0.6,1.0,1.0
G11Q01,2020-09-25,1.0,1.0,1.0,1.0,0.6,1.0,1.0
G11Q01,2020-09-26,1.0,1.0,1.0,1.0,0.6,1.0,1.0
G11Q01,2020-09-27,1.0,1.0,1.0,1.0,0.6,1.0,1.0
G11Q01,2020-09-28,1.0,1.0,1.0,1.0,0.6,1.0,1.0
G11Q01,2020-09-29,1.0,1.0,1.0,1.0,0.6,1.0,1.0
G11Q01,2020-09-30,1.0,1.0,1.0,1.0,0.6,1.0,1.0
G11Q01,2020-10-01,1.0,1.0,1.0,1.0,0.6,1.0,1.0
G11Q01,2020-10-02,1.0,1.0,1.0,1.0,0.6,1.0,1.0
G11Q01,2020-10-03,1.0,1.0,1.0,1.0,0.6,1.0,1.0
G11Q01,2020-10-04,1.0,1.0,1.0,1.0,0.6,1.0,1.0
G11Q01,2020-10-05,1.0,1.0,1.0,1.0,0.6,1.0,1.0
G11Q01,2020-10-06,1.0,1.0,1.0,1.0,0.6,1.0,1.0
G11Q01,2020-10-07,1.0,1.0,1.0,1.0,0.6,1.0,1.0
G11Q02,2020-09-20,1.0,1.0,1.0,1.0,0.6,1.0,1.0
G11Q02,2020-09-21,1.0,1.0,1.0,1.0,0.6,1.0,1.0
G11Q02,2020-09-22,1.0,1.0,1.0,1.0,0.6,1.0,1.0
G11Q02,2020-09-23,1.0,1.0,1.0,1.0,0.6,1.0,1.0
G11Q02,2020-09-24,1.0,1.0,1.0,1.0,0.6,1.0,1.0
G11Q02,2020-09-25,1.0,1.0,1.0,1.0,0.6,1.0,1.0
G11Q02,2020-09-26,1.0,1.0,1.0,1.0,0.6,1.0,1.0
G11Q02,2020-09-27,1.0,1.0,1.0,1.0,0.6,1.0,1.0
G11Q02,2020-09-28,1.0,1.0,1.0,1.0,0.6,1.0,1.0
G11Q02,2020-09-29,1.0,1.0,1.0,1.0,0.6,1.0,1.0
G11Q02,2020-09-30,1.0,1.0,1.0,1.0,0.6,1.0,1.0
G11Q02,2020-10-01,1.0,1.0,1.0,1.0,0.6,1.0,1.0
G11Q02,2020-10-02,1.0,1.0,1.0,1.0,0.6,1.0,1.0
G11Q02,2020-10-03,1.0,1.0,1.0,1.0,0.6,1.0,1.0
G11Q02,2020-10-04,1.0,1.0,1.0,1.0,0.6,1.0,1.0
G11Q02,2020-10-05,1.0,1.0,1.0,1.0,0.6,1.0,1.0
G11Q02,2020-10-06,1.0,1.0,1.0,1.0,0.6,1.0,1.0
G11Q02,2020-10-07,1.0,1.0,1.0,1.0,0.6,1.0,1.0
G11Q03,2020-09-20,1.0,1.0,1.0,1.0,0.6,1.0,1.0
G11Q03,2020-09-21,1.0,1.0,1.0,1.0,0.6,1.0,1.0
G11Q03,2020-09-22,1.0,1.0,1.0,1.0,0.6,1.0,1.0
G11Q03,2020-09-23,1.0,1.0,1.0,1.0,0.6,1.0,1.0
G11Q03,2020-09-24,1.0,1.0,1.0,1.0,0.6,1.0,1.0
G11Q03,2020-09-25,1.0,1.0,1.0,1.0,0.6,1.0,1.0
G11Q03,2020-09-26,1.0,1.0,1.0,1.0,0.6,1.0,1.0
G11Q03,2020-09-27,1.0,1.0,1.0,1.0,0.6,1.0,1.0
G11Q03,2020-09-28,1.0,1.0,1.0,1.0,0.6,1.0,1.0
G11Q03,2020-09-29,1.0,1.0,1.0,1.0,0.6,1.0,1.0
G11Q03,2020-09-30,1.0,1.0,1.0,1.0,0.6,1.0,1.0
G11Q03,2020-10-01,1.0,1.0,1.0,1.0,0.6,1.0,1.0
G11Q03,2020-10-02,1.0,1.0,1.0,1.0,0.6,1.0,1.0
G11Q03,2020-10-03,1.0,1.0,1.0,1.0,0.6,1.0,1.0
G11Q03,2020-10-04,1.0,1.0,1.0,1.0,0.6,1.0,1.0
G11Q03,2020-10-05,1.0,1.0,1.0,1.0,0.6,1.0,1.0
G11Q03,2020-10-06,1.0,1.0,1.0,1.0,0.6,1.0,1.0
G11Q03,2020-10-07,1.0,1.0,1.0,1.0,0.6,1.0,1.0
G11Q04,2020-09-20,1.0,1.0,1.0,1.0,0.6,1.0,1.0
G11Q04,2020-09-21,1.0,1.0,1.0,1.0,0.6,1.0,1.0
G11Q04,2020-09-22,1.0,1.0,1.0,1.0,0.6,1.0,1.0
G11Q04,2020-09-23,1.0,1.0,1.0,1.0,0.6,1.0,1.0
G11Q04,2020-09-24,1.0,1.0,1.0,1.0,0.6,1.0,1.0
G11Q04,2020-09-25,1.0,1.0,1.0,1.0,0.6,1.0,1.0
G11Q04,2020-09-26,1.0,1.0,1.0,1.0,0.6,1.0,1.0
G11Q04,2020-09-27,1.0,1.0,1.0,1.0,0.6,1.0,1.0
G11Q04,2020-09-28,1.0,1.0,1.0,1.0,0.6,1.0,1.0
G11Q04,2020-09-29,1.0,1.0,1.0,1.0,0.6,1.0,1.0
G11Q04,2020-09-30,1.0,1.0,1.0,1.0,0.6,1.0,1.0
G11Q04,2020-10-01,1.0,1.0,1.0,1.0,0.6,1.0,1.0
G11Q04,2020-10-02,1.0,1.0,1.0,1.0,0.6,1.0,1.0
G11Q04,2020-10-03,1.0,1.0,1.0,1.0,0.6,1.0,1.0
G11Q04,2020-10-04,1.0,1.0,1.0,1.0,0.6,1.0,1.0
G11Q04,2020-10-05,1.0,1.0,1.0,1.0,0.6,1.0,1.0
G11Q04,2020-10-06,1.0,1.0,1.0,1.0,0.6,1.0,1.0
G11Q04,2020-10-07,1.0,1.0,1.0,1.0,0.6,1.0,1.0
G11Q05,2020-09-20,1.0,1.0,1.0,1.0,0.6,1.0,1.0
G11Q05,2020-09-21,1.0,1.0,1.0,1.0,0.6,1.0,1.0
G11Q05,2020-09-22,1.0,1.0,1.0,1.0,0.6,1.0,1.0
G11Q05,2020-09-23,1.0,1.0,1.0,1.0,0.6,1.0,1.0
G11Q05,2020-09-24,1.0,1.0,1.0,1.0,0.6,1.0,1.0
G11Q05,2020-09-25,1.0,1.0,1.0,1.0,0.6,1.0,1.0
G11Q05,2020-09-26,1.0,1.0,1.0,1.0,0.6,1.0,1.0
G11Q05,2020-09-27,1.0,1.0,1.0,1.0,0.6,1.0,1.0
G11Q05,2020-09-28,1.0,1.0,1.0,1.0,0.6,1.0,1.0
G11Q05,2020-09-29,1.0,1.0,1.0,1.0,0.6,1.0,1.0
G11Q05,2020-09-30,1.0,1.0,1.0,1.0,0.6,1.0,1.0
G11Q05,2020-10-01,1.0,1.0,1.0,1.0,0.6,1.0,1.0
G11Q05,2020-10-02,1.0,1.0,1.0,1.0,0.6,1.0,1.0
G11Q05,2020-10-03,1.0,1.0,1.0,1.0,0.6,1.0,1.0
G11Q05,2020-10-04,1.0,1.0,1.0,1.0,0.6,1.0,1.0
G11Q05,2020-10-05,1.0,1.0,1.0,1.0,0.6,1.0,1.0
G11Q05,2020-10-06,1.0,1.0,1.0,1.0,0.6,1.0,1.0
G11Q05,2020-10-07,1.0,1.0,1.0,1.0,0.6,1.0,1.0
G11Q06,2020-09-20,1.0,1.0,1.0,1.0,0.6,1.0,1.0
G11Q06,2020-09-21,1.0,1.0,1.0,1.0,0.6,1.0,1.0
G11Q06,2020-09-22,1.0,1.0,1.0,1.0,0.6,1.0,1.0
G11Q06,2020-09-23,1.0,1.0,1.0,1.0,0.6,1.0,1.0
G11Q06,2020-09-24,1.0,1.0,1.0,1.0,0.6,1.0,1.0
G11Q06,2020-09-25,1.0,1.0,1.0,1.0,0.6,1.0,1.0
G11Q06,2020-09-26,1.0,1.0,1.0,1.0,0.6,1.0,1.0
G11Q06,2020-09-27,1.0,1.0,1.0,1.0,0.6,1.0,1.0
G11Q06,2020-09-28,1.0,1.0,1.0,1.0,0.6,1.0,1.0
G11Q06,2020-09-29,1.0,1.0,1.0,1.0,0.6,1.0,1.0
G11Q06,2020-09-30,1.0,1.0,1.0,1.0,0.6,1.0,1.0
G11Q06,2020-10-01,1.0,1.0,1.0,1.0,0.6,1.0,1.0
G11Q06,2020-10-02,1.0,1.0,1.0,1.0,0.6,1.0,1.0
G11Q06,2020-10-03,1.0,1.0,1.0,1.0,0.6,1.0,1.0
G11Q06,2020-10-04,1.0,1.0,1.0,1.0,0.6,1.0,1.0
G11Q06,2020-10-05,1.0,1.0,1.0,1.0,0.6,1.0,1.0
G11Q06,2020-10-06,1.0,1.0,1.0,1.0,0.6,1.0,1.0
G11Q06,2020-10-07,1.0,1.0,1.0,1.0,0.6,1.0,1.0
G12Q01,2020-09-20,1.0,1.0,1.0,1.0,1.0,1.0,1.0
G12Q01,2020-09-21,1.0,1.0,1.0,1.0,1.0,1.0,1.0
G12Q01,2020-09-22,1.0,1.0,1.0,1.0,1.0,1.0,1.0
G12Q01,2020-09-23,1.0,1.0,1.0,1.0,1.0,1.0,1.0
G12Q01,2020-09-24,1.0,1.0,1.0,1.0,1.0,1.0,1.0
G12Q01,2020-09-25,1.0,1.0,1.0,1.0,1.0,1.0,1.0
G12Q01,2020-09-26,1.0,1.0,1.0,1.0,1.0,1.0,1.0
G12Q01,2020-09-27,1.0,1.0,1.0,1.0,1.0,1.0,1.0
G12Q01,2020-09-28,1.0,1.0,1.0,1.0,1.0,1.0,1.0
G12Q01,2020-09-29,1.0,1.0,1.0,1.0,1.0,1.0,1.0
G12Q01,2020-09-30,1.0,1.0,1.0,1.0,1.0,1.0,1.0
G12Q01,2020-10-01,1.0,1.0,1.0,1.0,1.0,1.0,1.0
G12Q01,2020-10-02,1.0,1.0,1.0,1.0,1.0,1.0,1.0
G12Q01,2020-10-03,1.0,1.0,1.0,1.0,1.0,1.0,1.0
G12Q01,2020-10-04,1.0,1.0,1.0,1.0,1.0,1.0,1.0
G12Q01,2020-10-05,1.0,1.0,1.0,1.0,1.0,1.0,1.0
G12Q01,2020-10-06,1.0,1.0,1.0,1.0,1.0,1.0,1.0
G12Q01,2020-10-07,1.0,1.0,1.0,1.0,1.0,1.0,1.0
G12Q02,2020-09-20,1.0,1.0,1.0,1.0,1.0,1.0,1.0
G12Q02,2020-09-21,1.0,1.0,1.0,1.0,1.0,1.0,1.0
G12Q02,2020-09-22,1.0,1.0,1.0,1.0,1.0,1.0,1.0
G12Q02,2020-09-23,1.0,1.0,1.0,1.0,1.0,1.0,1.0
G12Q02,2020-09-24,1.0,1.0,1.0,1.0,1.0,1.0,1.0
G12Q02,2020-09-25,1.0,1.0,1.0,1.0,1.0,1.0,1.0
G12Q02,2020-09-26,1.0,1.0,1.0,1.0,1.0,1.0,1.0
G12Q02,2020-09-27,1.0,1.0,1.0,1.0,1.0,1.0,1.0
G12Q02,2020-09-28,1.0,1.0,1.0,1.0,1.0,1.0,1.0
G12Q02,2020-09-29,1.0,1.0,1.0,1.0,1.0,1.0,1.0
G12Q02,2020-09-30,1.0,1.0,1.0,1.0,1.0,1.0,1.0
G12Q02,2020-10-01,1.0,1.0,1.0,1.0,1.0,1.0,1.0
G12Q02,2020-10-02,1.0,1.0,1.0,1.0,1.0,1.0,1.0
G12Q02,2020-10-03,1.0,1.0,1.0,1.0,1.0,1.0,1.0
G12Q02,2020-10-04,1.0,1.0,1.0,1.0,1.0,1.0,1.0
G12Q02,2020-10-05,1.0,1.0,1.0,1.0,1.0,1.0,1.0
G12Q02,2020-10-06,1.0,1.0,1.0,1.0,1.0,1.0,1.0
G12Q02,2020-10-07,1.0,1.0,1.0,1.0,1.0,1.0,1.0
G12Q03,2020-09-20,1.0,1.0,1.0,1.0,1.0,1.0,1.0
G12Q03,2020-09-21,1.0,1.0,1.0,1.0,1.0,1.0,1.0
G12Q03,2020-09-22,1.0,1.0,1.0,1.0,1.0,1.0,1.0
G12Q03,2020-09-23,1.0,1.0,1.0,1.0,1.0,1.0,1.0
G12Q03,2020-09-24,1.0,1.0,1.0,1.0,1.0,1.0,1.0
G12Q03,2020-09-25,1.0,1.0,1.0,1.0,1.0,1.0,1.0
G12Q03,2020-09-26,1.0,1.0,1.0,1.0,1.0,1.0,1.0
G12Q03,2020-09-27,1.0,1.0,1.0,1.0,1.0,1.0,1.0
G12Q03,2020-09-28,1.0,1.0,1.0,1.0,1.0,1.0,1.0
G12Q03,2020-09-29,1.0,1.0,1.0,1.0,1.0,1.0,1.0
G12Q03,2020-09-30,1.0,1.0,1.0,1.0,1.0,1.0,1.0
G12Q03,2020-10-01,1.0,1.0,1.0,1.0,1.0,1.0,1.0
G12Q03,2020-10-02,1.0,1.0,1.0,1.0,1.0,1.0,1.0
G12Q03,2020-10-03,1.0,1.0,1.0,1.0,1.0,1.0,1.0
G12Q03,2020-10-04,1.0,1.0,1.0,1.0,1.0,1.0,1.0
G12Q03,2020-10-05,1.0,1.0,1.0,1.0,1.0,1.0,1.0
G12Q03,2020-10-06,1.0,1.0,1.0,1.0,1.0,1.0,1.0
G12Q03,2020-10-07,1.0,1.0,1.0,1.0,1.0,1.0,1.0
G13Q01,2020-09-20,1.0,1.0,1.0,1.0,1.0,1.0,1.0
G13Q01,2020-09-21,1.0,1.0,1.0,1.0,1.0,1.0,1.0
G13Q01,2020-09-22,1.0,1.0,1.0,1.0,1.0,1.0,1.0
G13Q01,2020-09-23,1.0,1.0,1.0,1.0,1.0,1.0,1.0
G13Q01,2020-09-24,1.0,1.0,1.0,1.0,1.0,1.0,1.0
G13Q01,2020-09-25,1.0,1.0,1.0,1.0,1.0,1.0,1.0
G13Q01,2020-09-26,1.0,1.0,1.0,1.0,1.0,1.0,1.0
G13Q01,2020-09-27,1.0,1.0,1.0,1.0,1.0,1.0,1.0
G13Q01,2020-09-28,1.0,1.0,1.0,1.0,1.0,1.0,1.0
G13Q01,2020-09-29,1.0,1.0,1.0,1.0,1.0,1.0,1.0
G13Q01,2020-09-30,1.0,1.0,1.0,1.0,1.0,1.0,1.0
G13Q01,2020-10-01,1.0,1.0,1.0,1.0,1.0,1.0,1.0
G13Q01,2020-10-02,1.0,1.0,1.0,1.0,1.0,1.0,1.0
G13Q01,2020-10-03,1.0,1.0,1.0,1.0,1.0,1.0,1.0
G13Q01,2020-10-04,1.0,1.0,1.0,1.0,1.0,1.0,1.0
G13Q01,2020-10-05,1.0,1.0,1.0,1.0,1.0,1.0,1.0
G13Q01,2020-10-06,1.0,1.0,1.0,1.0,1.0,1.0,1.0
G13Q01,2020-10-07,1.0,1.0,1.0,1.0,1.0,1.0,1.0
G13Q02,2020-09-20,1.0,1.0,1.0,1.0,1.0,1.0,1.0
G13Q02,2020-09-21,1.0,1.0,1.0,1.0,1.0,1.0,1.0
G13Q02,2020-09-22,1.0,1.0,1.0,1.0,1.0,1.0,1.0
G13Q02,2020-09-23,1.0,1.0,1.0,1.0,1.0,1.0,1.0
G13Q02,2020-09-24,1.0,1.0,1.0,1.0,1.0,1.0,1.0
G13Q02,2020-09-25,1.0,1.0,1.0,1.0,1.0,1.0,1.0
G13Q02,2020-09-26,1.0,1.0,1.0,1.0,1.0,1.0,1.0
G13Q02,2020-09-27,1.0,1.0,1.0,1.0,1.0,1.0,1.0
G13Q02,2020-09-28,1.0,1.0,1.0,1.0,1.0,1.0,1.0
G13Q02,2020-09-29,1.0,1.0,1.0,1.0,1.0,1.0,1.0
G13Q02,2020-09-30,1.0,1.0,1.0,1.0,1.0,1.0,1.0
G13Q02,2020-10-01,1.0,1.0,1.0,1.0,1.0,1.0,1.0
G13Q02,2020-10-02,1.0,1.0,1.0,1.0,1.0,1.0,1.0
G13Q02,2020-10-03,1.0,1.0,1.0,1.0,1.0,1.0,1.0
G13Q02,2020-10-04,1.0,1.0,1.0,1.0,1.0,1.0,1.0
G13Q02,2020-10-05,1.0,1.0,1.0,1.0,1.0,1.0,1.0
G13Q02,2020-10-06,1.0,1.0,1.0,1.0,1.0,1.0,1.0
G13Q02,2020-10-07,1.0,1.0,1.0,1.0,1.0,1.0,1.0
G13Q03,2020-09-20,1.0,1.0,1.0,1.0,1.0,1.0,1.0
G13Q03,2020-09-21,1.0,1.0,1.0,1.0,1.0,1.0,1.0
G13Q03,2020-09-22,1.0,1.0,1.0,1.0,1.0,1.0,1.0
G13Q03,2020-09-23,1.0,1.0,1.0,1.0,1.0,1.0,1.0
G13Q03,2020-09-24,1.0,1.0,1.0,1.0,1.0,1.0,1.0
G13Q03,2020-09-25,1.0,1.0,1.0,1.0,1.0,1.0,1.0
G13Q03,2020-09-26,1.0,1.0,1.0,1.0,1.0,1.0,1.0
G13Q03,2020-09-27,1.0,1.0,1.0,1.0,1.0,1.0,1.0
G13Q03,2020-09-28,1.0,1.0,1.0,1.0,1.0,1.0,1.0
G13Q03,2020-09-29,1.0,1.0,1.0,1.0,1.0,1.0,1.0
G13Q03,2020-09-30,1.0,1.0,1.0,1.0,1.0,1.0,1.0
G13Q03,2020-10-01,1.0,1.0,1.0,1.0,1.0,1.0,1.0
G13Q03,2020-10-02,1.0,1.0,1.0,1.0,1.0,1.0,1.0
G13Q03,2020-10-03,1.0,1.0,1.0,1.0,1.0,1.0,1.0
G13Q03,2020-10-04,1.0,1.0,1.0,1.0,1.0,1.0,1.0
G13Q03,2020-10-05,1.0,1.0,1.0,1.0,1.0,1.0,1.0
G13Q03,2020-10-06,1.0,1.0,1.0,1.0,1.0,1.0,1.0
G13Q03,2020-10-07,1.0,1.0,1.0,1.0,1.0,1.0,1.0
G13Q04,2020-09-20,1.0,1.0,1.0,1.0,1.0,1.0,1.0
G13Q04,2020-09-21,1.0,1.0,1.0,1.0,1.0,1.0,1.0
G13Q04,2020-09-22,1.0,1.0,1.0,1.0,1.0,1.0,1.0
G13Q04,2020-09-23,1.0,1.0,1.0,1.0,1.0,1.0,1.0
G13Q04,2020-09-24,1.0,1.0,1.0,1.0,1.0,1.0,1.0
G13Q04,2020-09-25,1.0,1.0,1.0,1.0,1.0,1.0,1.0
G13Q04,2020-09-26,1.0,1.0,1.0,1.0,1.0,1.0,1.0
G13Q04,2020-09-27,1.0,1.0,1.0,1.0,1.0,1.0,1.0
G13Q04,2020-09-28,1.0,1.0,1.0,1.0,1.0,1.0,1.0
G13Q04,2020-09-29,1.0,1.0,1.0,1.0,1.0,1.0,1.0
G13Q04,2020-09-30,1.0,1.0,1.0,1.0,1.0,1.0,1.0
G13Q04,2020-10-01,1.0,1.0,1.0,1.0,1.0,1.0,1.0
G13Q04,2020-10-02,1.0,1.0,1.0,1.0,1.0,1.0,1.0
G13Q04,2020-10-03,1.0,1.0,1.0,1.0,1.0,1.0,1.0
G13Q04,2020-10-04,1.0,1.0,1.0,1.0,1.0,1.0,1.0
G13Q04,2020-10-05,1.0,1.0,1.0,1.0,1.0,1.0,1.0
G13Q04,2020-10-06,1.0,1.0,1.0,1.0,1.0,1.0,1.0
G13Q04,2020-10-07,1.0,1.0,1.0,1.0,1.0,1.0,1.0
G14Q01,2020-09-20,1.0,1.0,1.0,1.0,1.0,1.0,1.0
G14Q01,2020-09-21,1.0,1.0,1.0,1.0,1.0,1.0,1.0
G14Q01,2020-09-22,1.0,1.0,1.0,1.0,1.0,1.0,1.0
G14Q01,2020-09-23,1.0,1.0,1.0,1.0,1.0,1.0,1.0
G14Q01,2020-09-24,1.0,1.0,1.0,1.0,1.0,1.0,1.0
G14Q01,2020-09-25,1.0,1.0,1.0,1.0,1.0,1.0,1.0
G14Q01,2020-09-26,1.0,1.0,1.0,1.0,1.0,1.0,1.0
G14Q01,2020-09-27,1.0,1.0,1.0,1.0,1.0,1.0,1.0
G14Q01,2020-09-28,1.0,1.0,1.0,1.0,1.0,1.0,1.0
G14Q01,2020-09-29,1.0,1.0,1.0,1.0,1.0,1.0,1.0
G14Q01,2020-09-30,1.0,1.0,1.0,1.0,1.0,1.0,1.0
G14Q01,2020-10-01,1.0,1.0,1.0,1.0,1.0,1.0,1.0
G14Q01,2020-10-02,1.0,1.0,1.0,1.0,1.0,1.0,1.0
G14Q01,2020-10-03,1.0,1.0,1.0,1.0,1.0,1.0,1.0
G14Q01,2020-10-04,1.0,1.0,1.0,1.0,1.0,1.0,1.0
G14Q01,2020-10-05,1.0,1.0,1.0,1.0,1.0,1.0,1.0
G14Q01,2020-10-06,1.0,1.0,1.0,1.0,1.0,1.0,1.0
G14Q01,2020-10-07,1.0,1.0,1.0,1.0,1.0,1.0,1.0
G14Q02,2020-09-20,1.0,1.0,1.0,1.0,1.0,1.0,1.0
G14Q02,2020-09-21,1.0,1.0,1.0,1.0,1.0,1.0,1.0
G14Q02,2020-09-22,1.0,1.0,1.0,1.0,1.0,1.0,1.0
G14Q02,2020-09-23,1.0,1.0,1.0,1.0,1.0,1.0,1.0
G14Q02,2020-09-24,1.0,1.0,1.0,1.0,1.0,1.0,1.0
G14Q02,2020-09-25,1.0,1.0,1.0,1.0,1.0,1.0,1.0
G14Q02,2020-09-26,1.0,1.0,1.0,1.0,1.0,1.0,1.0
G14Q02,2020-09-27,1.0,1.0,1.0,1.0,1.0,1.0,1.0
G14Q02,2020-09-28,1.0,1.0,1.0,1.0,1.0,1.0,1.0
G14Q02,2020-09-29,1.0,1.0,1.0,1.0,1.0,1.0,1.0
G14Q02,2020-09-30,1.0,1.0,1.0,1.0,1.0,1.0,1.0
G14Q02,2020-10-01,1.0,1.0,1.0,1.0,1.0,1.0,1.0
G14Q02,2020-10-02,1.0,1.0,1.0,1.0,1.0,1.0,1.0
G14Q02,2020-10-03,1.0,1.0,1.0,1.0,1.0,1.0,1.0
G14Q02,2020-10-04,1.0,1.0,1.0,1.0,1.0,1.0,1.0
G14Q02,2020-10-05,1.0,1.0,1.0,1.0,1.0,1.0,1.0
G14Q02,2020-10-06,1.0,1.0,1.0,1.0,1.0,1.0,1.0
G14Q02,2020-10-07,1.0,1.0,1.0,1.0,1.0,1.0,1.0
G14Q03,2020-09-20,1.0,1.0,1.0,1.0,1.0,1.0,1.0
G14Q03,2020-09-21,1.0,1.0,1.0,1.0,1.0,1.0,1.0
G14Q03,2020-09-22,1.0,1.0,1.0,1.0,1.0,1.0,1.0
G14Q03,2020-09-23,1.0,1.0,1.0,1.0,1.0,1.0,1.0
G14Q03,2020-09-24,1.0,1.0,1.0,1.0,1.0,1.0,1.0
G14Q03,2020-09-25,1.0,1.0,1.0,1.0,1.0,1.0,1.0
G14Q03,2020-09-26,1.0,1.0,1.0,1.0,1.0,1.0,1.0
G14Q03,2020-09-27,1.0,1.0,1.0,1.0,1.0,1.0,1.0
G14Q03,2020-09-28,1.0,1.0,1.0,1.0,1.0,1.0,1.0
G14Q03,2020-09-29,1.0,1.0,1.0,1.0,1.0,1.0,1.0
G14Q03,2020-09-30,1.0,1.0,1.0,1.0,1.0,1.0,1.0
G14Q03,2020-10-01,1.0,1.0,1.0,1.0,1.0,1.0,1.0
G14Q03,2020-10-02,1.0,1.0,1.0,1.0,1.0,1.0,1.0
G14Q03,2020-10-03,1.0,1.0,1.0,1.0,1.0,1.0,1.0
G14Q03,2020-10-04,1.0,1.0,1.0,1.0,1.0,1.0,1.0
G14Q03,2020-10-05,1.0,1.0,1.0,1.0,1.0,1.0,1.0
G14Q03,2020-10-06,1.0,1.0,1.0,1.0,1.0,1.0,1.0
G14Q03,2020-10-07,1.0,1.0,1.0,1.0,1.0,1.0,1.0
G14Q04,2020-09-20,1.0,1.0,1.0,1.0,1.0,1.0,1.0
G14Q04,2020-09-21,1.0,1.0,1.0,1.0,1.0,1.0,1.0
G14Q04,2020-09-22,1.0,1.0,1.0,1.0,1.0,1.0,1.0
G14Q04,2020-09-23,1.0,1.0,1.0,1.0,1.0,1.0,1.0
G14Q04,2020-09-24,1.0,1.0,1.0,1.0,1.0,1.0,1.0
G14Q04,2020-09-25,1.0,1.0,1.0,1.0,1.0,1.0,1.0
G14Q04,2020-09-26,1.0,1.0,1.0,1.0,1.0,1.0,1.0
G14Q04,2020-09-27,1.0,1.0,1.0,1.0,1.0,1.0,1.0
G14Q04,2020-09-28,1.0,1.0,1.0,1.0,1.0,1.0,1.0
G14Q04,2020-09-29,1.0,1.0,1.0,1.0,1.0,1.0,1.0
G14Q04,2020-09-30,1.0,1.0,1.0,1.0,1.0,1.0,1.0
G14Q04,2020-10-01,1.0,1.0,1.0,1.0,1.0,1.0,1.0
G14Q04,2020-10-02,1.0,1.0,1.0,1.0,1.0,1.0,1.0
G14Q04,2020-10-03,1.0,1.0,1.0,1.0,1.0,1.0,1.0
G14Q04,2020-10-04,1.0,1.0,1.0,1.0,1.0,1.0,1.0
G14Q04,2020-10-05,1.0,1.0,1.0,1.0,1.0,1.0,1.0
G14Q04,2020-10-06,1.0,1.0,1.0,1.0,1.0,1.0,1.0
G14Q04,2020-10-07,1.0,1.0,1.0,1.0,1.0,1.0,1.0
G14Q05,2020-09-20,1.0,1.0,1.0,1.0,1.0,1.0,1.0
G14Q05,2020-09-21,1.0,1.0,1.0,1.0,1.0,1.0,1.0
G14Q05,2020-09-22,1.0,1.0,1.0,1.0,1.0,1.0,1.0
G14Q05,2020-09-23,1.0,1.0,1.0,1.0,1.0,1.0,1.0
G14Q05,2020-09-24,1.0,1.0,1.0,1.0,1.0,1.0,1.0
G14Q05,2020-09-25,1.0,1.0,1.0,1.0,1.0,1.0,1.0
G14Q05,2020-09-26,1.0,1.0,1.0,1.0,1.0,1.0,1.0
G14Q05,2020-09-27,1.0,1.0,1.0,1.0,1.0,1.0,1.0
G14Q05,2020-09-28,1.0,1.0,1.0,1.0,1.0,1.0,1.0
G14Q05,2020-09-29,1.0,1.0,1.0,1.0,1.0,1.0,1.0
G14Q05,2020-09-30,1.0,1.0,1.0,1.0,1.0,1.0,1.0
G14Q05,2020-10-01,1.0,1.0,1.0,1.0,1.0,1.0,1.0
G14Q05,2020-10-02,1.0,1.0,1.0,1.0,1.0,1.0,1.0
G14Q05,2020-10-03,1.0,1.0,1.0,1.0,1.0,1.0,1.0
G14Q05,2020-10-04,1.0,1.0,1.0,1.0,1.0,1.0,1.0
G14Q05,2020-10-05,1.0,1.0,1.0,1.0,1.0,1.0,1.0
G14Q05,2020-10-06,1.0,1.0,1.0,1.0,1.0,1.0,1.0
G14Q05,2020-10-07,1.0,1.0,1.0,1.0,1.0,1.0,1.0
G14Q06,2020-09-20,1.0,1.0,1.0,1.0,1.0,1.0,1.0
G14Q06,2020-09-21,1.0,1.0,1.0,1.0,1.0,1.0,1.0
G14Q06,2020-09-22,1.0,1.0,1.0,1.0,1.0,1.0,1.0
G14Q06,2020-09-23,1.0,1.0,1.0,1.0,1.0,1.0,1.0
G14Q06,2020-09-24,1.0,1.0,1.0,1.0,1.0,1.0,1.0
G14Q06,2020-09-25,1.0,1.0,1.0,1.0,1.0,1.0,1.0
G14Q06,2020-09-26,1.0,1.0,1.0,1.0,1.0,1.0,1.0
G14Q06,2020-09-27,1.0,1.0,1.0,1.0,1.0,1.0,1.0
G14Q06,2020-09-28,1.0,1.0,1.0,1.0,1.0,1.0,1.0
G14Q06,2020-09-29,1.0,1.0,1.0,1.0,1.0,1.0,1.0
G14Q06,2020-09-30,1.0,1.0,1.0,1.0,1.0,1.0,1.0
G14Q06,2020-10-01,1.0,1.0,1.0,1.0,1.0,1.0,1.0
G14Q06,2020-10-02,1.0,1.0,1.0,1.0,1.0,1.0,1.0
G14Q06,2020-10-03,1.0,1.0,1.0,1.0,1.0,1.0,1.0
G14Q06,2020-10-04,1.0,1.0,1.0,1.0,1.0,1.0,1.0
G14Q06,2020-10-05,1.0,1.0,1.0,1.0,1.0,1.0,1.0
G14Q06,2020-10-06,1.0,1.0,1.0,1.0,1.0,1.0,1.0
G14Q06,2020-10-07,1.0,1.0,1.0,1.0,1.0,1.0,1.0
G15Q01,2020-09-20,1.0,1.0,1.0,1.0,1.0,1.0,1.0
G15Q01,2020-09-21,1.0,1.0,1.0,1.0,1.0,1.0,1.0
G15Q01,2020-09-22,1.0,1.0,1.0,1.0,1.0,1.0,1.0
G15Q01,2020-09-23,1.0,1.0,1.0,1.0,1.0,1.0,1.0
G15Q01,2020-09-24,1.0,1.0,1.0,1.0,1.0,1.0,1.0
G15Q01,2020-09-25,1.0,1.0,1.0,1.0,1.0,1.0,1.0
G15Q01,2020-09-26,1.0,1.0,1.0,1.0,1.0,1.0,1.0
G15Q01,2020-09-27,1.0,1.0,1.0,1.0,1.0,1.0,1.0
G15Q01,2020-09-28,1.0,1.0,1.0,1.0,1.0,1.0,1.0
G15Q01,2020-09-29,1.0,1.0,1.0,1.0,1.0,1.0,1.0
G15Q01,2020-09-30,1.0,1.0,1.0,1.0,1.0,1.0,1.0
G15Q01,2020-10-01,1.0,1.0,1.0,1.0,1.0,1.0,1.0
G15Q01,2020-10-02,1.0,1.0,1.0,1.0,1.0,1.0,1.0
G15Q01,2020-10-03,1.0,1.0,1.0,1.0,1.0,1.0,1.0
G15Q01,2020-10-04,1.0,1.0,1.0,1.0,1.0,1.0,1.0
G15Q01,2020-10-05,1.0,1.0,1.0,1.0,1.0,1.0,1.0
G15Q01,2020-10-06,1.0,1.0,1.0,1.0,1.0,1.0,1.0
G15Q01,2020-10-07,1.0,1.0,1.0,1.0,1.0,1.0,1.0
G15Q02,2020-09-20,1.0,1.0,1.0,1.0,1.0,1.0,1.0
G15Q02,2020-09-21,1.0,1.0,1.0,1.0,1.0,1.0,1.0
G15Q02,2020-09-22,1.0,1.0,1.0,1.0,1.0,1.0,1.0
G15Q02,2020-09-23,1.0,1.0,1.0,1.0,1.0,1.0,1.0
G15Q02,2020-09-24,1.0,1.0,1.0,1.0,1.0,1.0,1.0
G15Q02,2020-09-25,1.0,1.0,1.0,1.0,1.0,1.0,1.0
G15Q02,2020-09-26,1.0,1.0,1.0,1.0,1.0,1.0,1.0
G15Q02,2020-09-27,1.0,1.0,1.0,1.0,1.0,1.0,1.0
G15Q02,2020-09-28,1.0,1.0,1.0,1.0,1.0,1.0,1.0
G15Q02,2020-09-29,1.0,1.0,1.0,1.0,1.0,1.0,1.0
G15Q02,2020-09-30,1.0,1.0,1.0,1.0,1.0,1.0,1.0
G15Q02,2020-10-01,1.0,1.0,1.0,1.0,1.0,1.0,1.0
G15Q02,2020-10-02,1.0,1.0,1.0,1.0,1.0,1.0,1.0
G15Q02,2020-10-03,1.0,1.0,1.0,1.0,1.0,1.0,1.0
G15Q02,2020-10-04,1.0,1.0,1.0,1.0,1.0,1.0,1.0
G15Q02,2020-10-05,1.0,1.0,1.0,1.0,1.0,1.0,1.0
G15Q02,2020-10-06,1.0,1.0,1.0,1.0,1.0,1.0,1.0
G15Q02,2020-10-07,1.0,1.0,1.0,1.0,1.0,1.0,1.0
G15Q03,2020-09-20,1.0,1.0,1.0,1.0,1.0,1.0,1.0
G15Q03,2020-09-21,1.0,1.0,1.0,1.0,1.0,1.0,1.0
G15Q03,2020-09-22,1.0,1.0,1.0,1.0,1.0,1.0,1.0
G15Q03,2020-09-23,1.0,1.0,1.0,1.0,1.0,1.0,1.0
G15Q03,2020-09-24,1.0,1.0,1.0,1.0,1.0,1.0,1.0
G15Q03,2020-09-25,1.0,1.0,1.0,1.0,1.0,1.0,1.0
G15Q03,2020-09-26,1.0,1.0,1.0,1.0,1.0,1.0,1.0
G15Q03,2020-09-27,1.0,1.0,1.0,1.0,1.0,1.0,1.0
G15Q03,2020-09-28,1.0,1.0,1.0,1.0,1.0,1.0,1.0
G15Q03,2020-09-29,1.0,1.0,1.0,1.0,1.0,1.0,1.0
G15Q03,2020-09-30,1.0,1.0,1.0,1.0,1.0,1.0,1.0
G15Q03,2020-10-01,1.0,1.0,1.0,1.0,1.0,1.0,1.0
G15Q03,2020-10-02,1.0,1.0,1.0,1.0,1.0,1.0,1.0
G15Q03,2020-10-03,1.0,1.0,1.0,1.0,1.0,1.0,1.0
G15Q03,2020-10-04,1.0,1.0,1.0,1.0,1.0,1.0,1.0
G15Q03,2020-10-05,1.0,1.0,1.0,1.0,1.0,1.0,1.0
G15Q03,2020-10-06,1.0,1.0,1.0,1.0,1.0,1.0,1.0
G15Q03,2020-10-07,1.0,1.0,1.0,1.0,1.0,1.0,1.0
G15Q04,2020-09-20,1.0,1.0,1.0,1.0,1.0,1.0,1.0
G15Q04,2020-09-21,1.0,1.0,1.0,1.0,1.0,1.0,1.0
G15Q04,2020-09-22,1.0,1.0,1.0,1.0,1.0,1.0,1.0
G15Q04,2020-09-23,1.0,1.0,1.0,1.0,1.0,1.0,1.0
G15Q04,2020-09-24,1.0,1.0,1.0,1.0,1.0,1.0,1.0
G15Q04,2020-09-25,1.0,1.0,1.0,1.0,1.0,1.0,1.0
G15Q04,2020-09-26,1.0,1.0,1.0,1.0,1.0,1.0,1.0
G15Q04,2020-09-27,1.0,1.0,1.0,1.0,1.0,1.0,1.0
G15Q04,2020-09-28,1.0,1.0,1.0,1.0,1.0,1.0,1.0
G15Q04,2020-09-29,1.0,1.0,1.0,1.0,1.0,1.0,1.0
G15Q04,2020-09-30,1.0,1.0,1.0,1.0,1.0,1.0,1.0
G15Q04,2020-10-01,1.0,1.0,1.0,1.0,1.0,1.0,1.0
G15Q04,2020-10-02,1.0,1.0,1.0,1.0,1.0,1.0,1.0
G15Q04,2020-10-03,1.0,1.0,1.0,1.0,1.0,1.0,1.0
G15Q04,2020-10-04,1.0,1.0,1.0,1.0,1.0,1.0,1.0
G15Q04,2020-10-05,1.0,1.0,1.0,1.0,1.0,1.0,1.0
G15Q04,2020-10-06,1.0,1.0,1.0,1.0,1.0,1.0,1.0
G15Q04,2020-10-07,1.0,1.0,1.0,1.0,1.0,1.0,1.0
G15Q05,2020-09-20,1.0,1.0,1.0,1.0,1.0,1.0,1.0
G15Q05,2020-09-21,1.0,1.0,1.0,1.0,1.0,1.0,1.0
G15Q05,2020-09-22,1.0,1.0,1.0,1.0,1.0,1.0,1.0
G15Q05,2020-09-23,1.0,1.0,1.0,1.0,1.0,1.0,1.0
G15Q05,2020-09-24,1.0,1.0,1.0,1.0,1.0,1.0,1.0
G15Q05,2020-09-25,1.0,1.0,1.0,1.0,1.0,1.0,1.0
G15Q05,2020-09-26,1.0,1.0,1.0,1.0,1.0,1.0,1.0
G15Q05,2020-09-27,1.0,1.0,1.0,1.0,1.0,1.0,1.0
G15Q05,2020-09-28,1.0,1.0,1.0,1.0,1.0,1.0,1.0
G15Q05,2020-09-29,1.0,1.0,1.0,1.0,1.0,1.0,1.0
G15Q05,2020-09-30,1.0,1.0,1.0,1.0,1.0,1.0,1.0
G15Q05,2020-10-01,1.0,1.0,1.0,1.0,1.0,1.0,1.0
G15Q05,2020-10-02,1.0,1.0,1.0,1.0,1.0,1.0,1.0
G15Q05,2020-10-03,1.0,1.0,1.0,1.0,1.0,1.0,1.0
G15Q05,2020-10-04,1.0,1.0,1.0,1.0,1.0,1.0,1.0
G15Q05,2020-10-05,1.0,1.0,1.0,1.0,1.0,1.0,1.0
G15Q05,2020-10-06,1.0,1.0,1.0,1.0,1.0,1.0,1.0
G15Q05,2020-10-07,1.0,1.0,1.0,1.0,1.0,1.0,1.0
G15Q06,2020-09-20,1.0,1.0,1.0,1.0,1.0,1.0,1.0
G15Q06,2020-09-21,1.0,1.0,1.0,1.0,1.0,1.0,1.0
G15Q06,2020-09-22,1.0,1.0,1.0,1.0,1.0,1.0,1.0
G15Q06,2020-09-23,1.0,1.0,1.0,1.0,1.0,1.0,1.0
G15Q06,2020-09-24,1.0,1.0,1.0,1.0,1.0,1.0,1.0
G15Q06,2020-09-25,1.0,1.0,1.0,1.0,1.0,1.0,1.0
G15Q06,2020-09-26,1.0,1.0,1.0,1.0,1.0,1.0,1.0
G15Q06,2020-09-27,1.0,1.0,1.0,1.0,1.0,1.0,1.0
G15Q06,2020-09-28,1.0,1.0,1.0,1.0,1.0,1.0,1.0
G15Q06,2020-09-29,1.0,1.0,1.0,1.0,1.0,1.0,1.0
G15Q06,2020-09-30,1.0,1.0,1.0,1.0,1.0,1.0,1.0
G15Q06,2020-10-01,1.0,1.0,1.0,1.0,1.0,1.0,1.0
G15Q06,2020-10-02,1.0,1.0,1.0,1.0,1.0,1.0,1.0
G15Q06,2020-10-03,1.0,1.0,1.0,1.0,1.0,1.0,1.0
G15Q06,2020-10-04,1.0,1.0,1.0,1.0,1.0,1.0,1.0
G15Q06,2020-10-05,1.0,1.0,1.0,1.0,1.0,1.0,1.0
G15Q06,2020-10-06,1.0,1.0,1.0,1.0,1.0,1.0,1.0
G15Q06,2020-10-07,1.0,1.0,1.0,1.0,1.0,1.0,1.0
G15Q07,2020-09-20,1.0,1.0,1.0,1.0,1.0,1.0,1.0
G15Q07,2020-09-21,1.0,1.0,1.0,1.0,1.0,1.0,1.0
G15Q07,2020-09-22,1.0,1.0,1.0,1.0,1.0,1.0,1.0
G15Q07,2020-09-23,1.0,1.0,1.0,1.0,1.0,1.0,1.0
G15Q07,2020-09-24,1.0,1.0,1.0,1.0,1.0,1.0,1.0
G15Q07,2020-09-25,1.0,1.0,1.0,1.0,1.0,1.0,1.0
G15Q07,2020-09-26,1.0,1.0,1.0,1.0,1.0,1.0,1.0
G15Q07,2020-09-27,1.0,1.0,1.0,1.0,1.0,1.0,1.0
G15Q07,2020-09-28,1.0,1.0,1.0,1.0,1.0,1.0,1.0
G15Q07,2020-09-29,1.0,1.0,1.0,1.0,1.0,1.0,1.0
G15Q07,2020-09-30,1.0,1.0,1.0,1.0,1.0,1.0,1.0
G15Q07,2020-10-01,1.0,1.0,1.0,1.0,1.0,1.0,1.0
G15Q07,2020-10-02,1.0,1.0,1.0,1.0,1.0,1.0,1.0
G15Q07,2020-10-03,1.0,1.0,1.0,1.0,1.0,1.0,1.0
G15Q07,2020-10-04,1.0,1.0,1.0,1.0,1.0,1.0,1.0
G15Q07,2020-10-05,1.0,1.0,1.0,1.0,1.0,1.0,1.0
G15Q07,2020-10-06,1.0,1.0,1.0,1.0,1.0,1.0,1.0
G15Q07,2020-10-07,1.0,1.0,1.0,1.0,1.0,1.0,1.0
G15Q08,2020-09-20,1.0,1.0,1.0,1.0,1.0,1.0,1.0
G15Q08,2020-09-21,1.0,1.0,1.0,1.0,1.0,1.0,1.0
G15Q08,2020-09-22,1.0,1.0,1.0,1.0,1.0,1.0,1.0
G15Q08,2020-09-23,1.0,1.0,1.0,1.0,1.0,1.0,1.0
G15Q08,2020-09-24,1.0,1.0,1.0,1.0,1.0,1.0,1.0
G15Q08,2020-09-25,1.0,1.0,1.0,1.0,1.0,1.0,1.0
G15Q08,2020-09-26,1.0,1.0,1.0,1.0,1.0,1.0,1.0
G15Q08,2020-09-27,1.0,1.0,1.0,1.0,1.0,1.0,1.0
G15Q08,2020-09-28,1.0,1.0,1.0,1.0,1.0,1.0,1.0
G15Q08,2020-09-29,1.0,1.0,1.0,1.0,1.0,1.0,1.0
G15Q08,2020-09-30,1.0,1.0,1.0,1.0,1.0,1.0,1.0
G15Q08,2020-10-01,1.0,1.0,1.0,1.0,1.0,1.0,1.0
G15Q08,2020-10-02,1.0,1.0,1.0,1.0,1.0,1.0,1.0
G15Q08,2020-10-03,1.0,1.0,1.0,1.0,1.0,1.0,1.0
G15Q08,2020-10-04,1.0,1.0,1.0,1.0,1.0,1.0,1.0
G15Q08,2020-10-05,1.0,1.0,1.0,1.0,1.0,1.0,1.0
G15Q08,2020-10-06,1.0,1.0,1.0,1.0,1.0,1.0,1.0
G15Q08,2020-10-07,1.0,1.0,1.0,1.0,1.0,1.0,1.0
G15Q09,2020-09-20,1.0,1.0,1.0,1.0,1.0,1.0,1.0
G15Q09,2020-09-21,1.0,1.0,1.0,1.0,1.0,1.0,1.0
G15Q09,2020-09-22,1.0,1.0,1.0,1.0,1.0,1.0,1.0
G15Q09,2020-09-23,1.0,1.0,1.0,1.0,1.0,1.0,1.0
G15Q09,2020-09-24,1.0,1.0,1.0,1.0,1.0,1.0,1.0
G15Q09,2020-09-25,1.0,1.0,1.0,1.0,1.0,1.0,1.0
G15Q09,2020-09-26,1.0,1.0,1.0,1.0,1.0,1.0,1.0
G15Q09,2020-09-27,1.0,1.0,1.0,1.0,1.0,1.0,1.0
G15Q09,2020-09-28,1.0,1.0,1.0,1.0,1.0,1.0,1.0
G15Q09,2020-09-29,1.0,1.0,1.0,1.0,1.0,1.0,1.0
G15Q09,2020-09-30,1.0,1.0,1.0,1.0,1.0,1.0,1.0
G15Q09,2020-10-01,1.0,1.0,1.0,1.0,1.0,1.0,1.0
G15Q09,2020-10-02,1.0,1.0,1.0,1.0,1.0,1.0,1.0
G15Q09,2020-10-03,1.0,1.0,1.0,1.0,1.0,1.0,1.0
G15Q09,2020-10-04,1.0,1.0,1.0,1.0,1.0,1.0,1.0
G15Q09,2020-10-05,1.0,1.0,1.0,1.0,1.0,1.0,1.0
G15Q09,2020-10-06,1.0,1.0,1.0,1.0,1.0,1.0,1.0
G15Q09,2020-10-07,1.0,1.0,1.0,1.0,1.0,1.0,1.0
G16Q01,2020-09-20,1.0,1.0,1.0,1.0,1.0,1.0,1.0
G16Q01,2020-09-21,1.0,1.0,1.0,1.0,1.0,1.0,1.0
G16Q01,2020-09-22,1.0,1.0,1.0,1.0,1.0,1.0,1.0
G16Q01,2020-09-23,1.0,1.0,1.0,1.0,1.0,1.0,1.0
G16Q01,2020-09-24,1.0,1.0,1.0,1.0,1.0,1.0,1.0
G16Q01,2020-09-25,1.0,1.0,1.0,1.0,1.0,1.0,1.0
G16Q01,2020-09-26,1.0,1.0,1.0,1.0,1.0,1.0,1.0
G16Q01,2020-09-27,1.0,1.0,1.0,1.0,1.0,1.0,1.0
G16Q01,2020-09-28,1.0,1.0,1.0,1.0,1.0,1.0,1.0
G16Q01,2020-09-29,1.0,1.0,1.0,1.0,1.0,1.0,1.0
G16Q01,2020-09-30,1.0,1.0,1.0,1.0,1.0,1.0,1.0
G16Q01,2020-10-01,1.0,1.0,1.0,1.0,1.0,1.0,1.0
G16Q01,2020-10-02,1.0,1.0,1.0,1.0,1.0,1.0,1.0
G16Q01,2020-10-03,1.0,1.0,1.0,1.0,1.0,1.0,1.0
G16Q01,2020-10-04,1.0,1.0,1.0,1.0,1.0,1.0,1.0
G16Q01,2020-10-05,1.0,1.0,1.0,1.0,1.0,1.0,1.0
G16Q01,2020-10-06,1.0,1.0,1.0,1.0,1.0,1.0,1.0
G16Q01,2020-10-07,1.0,1.0,1.0,1.0,1.0,1.0,1.0
G16Q02,2020-09-20,1.0,1.0,1.0,1.0,1.0,1.0,1.0
G16Q02,2020-09-21,1.0,1.0,1.0,1.0,1.0,1.0,1.0
G16Q02,2020-09-22,1.0,1.0,1.0,1.0,1.0,1.0,1.0
G16Q02,2020-09-23,1.0,1.0,1.0,1.0,1.0,1.0,1.0
G16Q02,2020-09-24,1.0,1.0,1.0,1.0,1.0,1.0,1.0
G16Q02,2020-09-25,1.0,1.0,1.0,1.0,1.0,1.0,1.0
G16Q02,2020-09-26,1.0,1.0,1.0,1.0,1.0,1.0,1.0
G16Q02,2020-09-27,1.0,1.0,1.0,1.0,1.0,1.0,1.0
G16Q02,2020-09-28,1.0,1.0,1.0,1.0,1.0,1.0,1.0
G16Q02,2020-09-29,1.0,1.0,1.0,1.0,1.0,1.0,1.0
G16Q02,2020-09-30,1.0,1.0,1.0,1.0,1.0,1.0,1.0
G16Q02,2020-10-01,1.0,1.0,1.0,1.0,1.0,1.0,1.0
G16Q02,2020-10-02,1.0,1.0,1.0,1.0,1.0,1.0,1.0
G16Q02,2020-10-03,1.0,1.0,1.0,1.0,1.0,1.0,1.0
G16Q02,2020-10-04,1.0,1.0,1.0,1.0,1.0,1.0,1.0
G16Q02,2020-10-05,1.0,1.0,1.0,1.0,1.0,1.0,1.0
G16Q02,2020-10-06,1.0,1.0,1.0,1.0,1.0,1.0,1.0
G16Q02,2020-10-07,1.0,1.0,1.0,1.0,1.0,1.0,1.0
G16Q03,2020-09-20,1.0,1.0,1.0,1.0,1.0,1.0,1.0
G16Q03,2020-09-21,1.0,1.0,1.0,1.0,1.0,1.0,1.0
G16Q03,2020-09-22,1.0,1.0,1.0,1.0,1.0,1.0,1.0
G16Q03,2020-09-23,1.0,1.0,1.0,1.0,1.0,1.0,1.0
G16Q03,2020-09-24,1.0,1.0,1.0,1.0,1.0,1.0,1.0
G16Q03,2020-09-25,1.0,1.0,1.0,1.0,1.0,1.0,1.0
G16Q03,2020-09-26,1.0,1.0,1.0,1.0,1.0,1.0,1.0
G16Q03,2020-09-27,1.0,1.0,1.0,1.0,1.0,1.0,1.0
G16Q03,2020-09-28,1.0,1.0,1.0,1.0,1.0,1.0,1.0
G16Q03,2020-09-29,1.0,1.0,1.0,1.0,1.0,1.0,1.0
G16Q03,2020-09-30,1.0,1.0,1.0,1.0,1.0,1.0,1.0
G16Q03,2020-10-01,1.0,1.0,1.0,1.0,1.0,1.0,1.0
G16Q03,2020-10-02,1.0,1.0,1.0,1.0,1.0,1.0,1.0
G16Q03,2020-10-03,1.0,1.0,1.0,1.0,1.0,1.0,1.0
G16Q03,2020-10-04,1.0,1.0,1.0,1.0,1.0,1.0,1.0
G16Q03,2020-10-05,1.0,1.0,1.0,1.0,1.0,1.0,1.0
G16Q03,2020-10-06,1.0,1.0,1.0,1.0,1.0,1.0,1.0
G16Q03,2020-10-07,1.0,1.0,1.0,1.0,1.0,1.0,1.0
G16Q04,2020-09-20,1.0,1.0,1.0,1.0,1.0,1.0,1.0
G16Q04,2020-09-21,1.0,1.0,1.0,1.0,1.0,1.0,1.0
G16Q04,2020-09-22,1.0,1.0,1.0,1.0,1.0,1.0,1.0
G16Q04,2020-09-23,1.0,1.0,1.0,1.0,1.0,1.0,1.0
G16Q04,2020-09-24,1.0,1.0,1.0,1.0,1.0,1.0,1.0
G16Q04,2020-09-25,1.0,1.0,1.0,1.0,1.0,1.0,1.0
G16Q04,2020-09-26,1.0,1.0,1.0,1.0,1.0,1.0,1.0
G16Q04,2020-09-27,1.0,1.0,1.0,1.0,1.0,1.0,1.0
G16Q04,2020-09-28,1.0,1.0,1.0,1.0,1.0,1.0,1.0
G16Q04,2020-09-29,1.0,1.0,1.0,1.0,1.0,1.0,1.0
G16Q04,2020-09-30,1.0,1.0,1.0,1.0,1.0,1.0,1.0
G16Q04,2020-10-01,1.0,1.0,1.0,1.0,1.0,1.0,1.0
G16Q04,2020-10-02,1.0,1.0,1.0,1.0,1.0,1.0,1.0
G16Q04,2020-10-03,1.0,1.0,1.0,1.0,1.0,1.0,1.0
G16Q04,2020-10-04,1.0,1.0,1.0,1.0,1.0,1.0,1.0
G16Q04,2020-10-05,1.0,1.0,1.0,1.0,1.0,1.0,1.0
G16Q04,2020-10-06,1.0,1.0,1.0,1.0,1.0,1.0,1.0
G16Q04,2020-10-07,1.0,1.0,1.0,1.0,1.0,1.0,1.0
G16Q05,2020-09-20,1.0,1.0,1.0,1.0,1.0,1.0,1.0
G16Q05,2020-09-21,1.0,1.0,1.0,1.0,1.0,1.0,1.0
G16Q05,2020-09-22,1.0,1.0,1.0,1.0,1.0,1.0,1.0
G16Q05,2020-09-23,1.0,1.0,1.0,1.0,1.0,1.0,1.0
G16Q05,2020-09-24,1.0,1.0,1.0,1.0,1.0,1.0,1.0
G16Q05,2020-09-25,1.0,1.0,1.0,1.0,1.0,1.0,1.0
G16Q05,2020-09-26,1.0,1.0,1.0,1.0,1.0,1.0,1.0
G16Q05,2020-09-27,1.0,1.0,1.0,1.0,1.0,1.0,1.0
G16Q05,2020-09-28,1.0,1.0,1.0,1.0,1.0,1.0,1.0
G16Q05,2020-09-29,1.0,1.0,1.0,1.0,1.0,1.0,1.0
G16Q05,2020-09-30,1.0,1.0,1.0,1.0,1.0,1.0,1.0
G16Q05,2020-10-01,1.0,1.0,1.0,1.0,1.0,1.0,1.0
G16Q05,2020-10-02,1.0,1.0,1.0,1.0,1.0,1.0,1.0
G16Q05,2020-10-03,1.0,1.0,1.0,1.0,1.0,1.0,1.0
G16Q05,2020-10-04,1.0,1.0,1.0,1.0,1.0,1.0,1.0
G16Q05,2020-10-05,1.0,1.0,1.0,1.0,1.0,1.0,1.0
G16Q05,2020-10-06,1.0,1.0,1.0,1.0,1.0,1.0,1.0
G16Q05,2020-10-07,1.0,1.0,1.0,1.0,1.0,1.0,1.0
G16Q06,2020-09-20,1.0,1.0,1.0,1.0,1.0,1.0,1.0
G16Q06,2020-09-21,1.0,1.0,1.0,1.0,1.0,1.0,1.0
G16Q06,2020-09-22,1.0,1.0,1.0,1.0,1.0,1.0,1.0
G16Q06,2020-09-23,1.0,1.0,1.0,1.0,1.0,1.0,1.0
G16Q06,2020-09-24,1.0,1.0,1.0,1.0,1.0,1.0,1.0
G16Q06,2020-09-25,1.0,1.0,1.0,1.0,1.0,1.0,1.0
G16Q06,2020-09-26,1.0,1.0,1.0,1.0,1.0,1.0,1.0
G16Q06,2020-09-27,1.0,1.0,1.0,1.0,1.0,1.0,1.0
G16Q06,2020-09-28,1.0,1.0,1.0,1.0,1.0,1.0,1.0
G16Q06,2020-09-29,1.0,1.0,1.0,1.0,1.0,1.0,1.0
G16Q06,2020-09-30,1.0,1.0,1.0,1.0,1.0,1.0,1.0
G16Q06,2020-10-01,1.0,1.0,1.0,1.0,1.0,1.0,1.0
G16Q06,2020-10-02,1.0,1.0,1.0,1.0,1.0,1.0,1.0
G16Q06,2020-10-03,1.0,1.0,1.0,1.0,1.0,1.0,1.0
G16Q06,2020-10-04,1.0,1.0,1.0,1.0,1.0,1.0,1.0
G16Q06,2020-10-05,1.0,1.0,1.0,1.0,1.0,1.0,1.0
G16Q06,2020-10-06,1.0,1.0,1.0,1.0,1.0,1.0,1.0
G16Q06,2020-10-07,1.0,1.0,1.0,1.0,1.0,1.0,1.0
G16Q07,2020-09-20,1.0,1.0,1.0,1.0,1.0,1.0,1.0
G16Q07,2020-09-21,1.0,1.0,1.0,1.0,1.0,1.0,1.0
G16Q07,2020-09-22,1.0,1.0,1.0,1.0,1.0,1.0,1.0
G16Q07,2020-09-23,1.0,1.0,1.0,1.0,1.0,1.0,1.0
G16Q07,2020-09-24,1.0,1.0,1.0,1.0,1.0,1.0,1.0
G16Q07,2020-09-25,1.0,1.0,1.0,1.0,1.0,1.0,1.0
G16Q07,2020-09-26,1.0,1.0,1.0,1.0,1.0,1.0,1.0
G16Q07,2020-09-27,1.0,1.0,1.0,1.0,1.0,1.0,1.0
G16Q07,2020-09-28,1.0,1.0,1.0,1.0,1.0,1.0,1.0
G16Q07,2020-09-29,1.0,1.0,1.0,1.0,1.0,1.0,1.0
G16Q07,2020-09-30,1.0,1.0,1.0,1.0,1.0,1.0,1.0
G16Q07,2020-10-01,1.0,1.0,1.0,1.0,1.0,1.0,1.0
G16Q07,2020-10-02,1.0,1.0,1.0,1.0,1.0,1.0,1.0
G16Q07,2020-10-03,1.0,1.0,1.0,1.0,1.0,1.0,1.0
G16Q07,2020-10-04,1.0,1.0,1.0,1.0,1.0,1.0,1.0
G16Q07,2020-10-05,1.0,1.0,1.0,1.0,1.0,1.0,1.0
G16Q07,2020-10-06,1.0,1.0,1.0,1.0,1.0,1.0,1.0
G16Q07,2020-10-07,1.0,1.0,1.0,1.0,1.0,1.0,1.0
G17Q01,2020-09-20,1.0,1.0,1.0,1.0,1.0,1.0,1.0
G17Q01,2020-09-21,1.0,1.0,1.0,1.0,1.0,1.0,1.0
G17Q01,2020-09-22,1.0,1.0,1.0,1.0,1.0,1.0,1.0
G17Q01,2020-09-23,1.0,1.0,1.0,1.0,1.0,1.0,1.0
G17Q01,2020-09-24,1.0,1.0,1.0,1.0,1.0,1.0,1.0
G17Q01,2020-09-25,1.0,1.0,1.0,1.0,1.0,1.0,1.0
G17Q01,2020-09-26,1.0,1.0,1.0,1.0,1.0,1.0,1.0
G17Q01,2020-09-27,1.0,1.0,1.0,1.0,1.0,1.0,1.0
G17Q01,2020-09-28,1.0,1.0,1.0,1.0,1.0,1.0,1.0
G17Q01,2020-09-29,1.0,1.0,1.0,1.0,1.0,1.0,1.0
G17Q01,2020-09-30,1.0,1.0,1.0,1.0,1.0,1.0,1.0
G17Q01,2020-10-01,1.0,1.0,1.0,1.0,1.0,1.0,1.0
G17Q01,2020-10-02,1.0,1.0,1.0,1.0,1.0,1.0,1.0
G17Q01,2020-10-03,1.0,1.0,1.0,1.0,1.0,1.0,1.0
G17Q01,2020-10-04,1.0,1.0,1.0,1.0,1.0,1.0,1.0
G17Q01,2020-10-05,1.0,1.0,1.0,1.0,1.0,1.0,1.0
G17Q01,2020-10-06,1.0,1.0,1.0,1.0,1.0,1.0,1.0
G17Q01,2020-10-07,1.0,1.0,1.0,1.0,1.0,1.0,1.0
G17Q02,2020-09-20,1.0,1.0,1.0,1.0,1.0,1.0,1.0
G17Q02,2020-09-21,1.0,1.0,1.0,1.0,1.0,1.0,1.0
G17Q02,2020-09-22,1.0,1.0,1.0,1.0,1.0,1.0,1.0
G17Q02,2020-09-23,1.0,1.0,1.0,1.0,1.0,1.0,1.0
G17Q02,2020-09-24,1.0,1.0,1.0,1.0,1.0,1.0,1.0
G17Q02,2020-09-25,1.0,1.0,1.0,1.0,1.0,1.0,1.0
G17Q02,2020-09-26,1.0,1.0,1.0,1.0,1.0,1.0,1.0
G17Q02,2020-09-27,1.0,1.0,1.0,1.0,1.0,1.0,1.0
G17Q02,2020-09-28,1.0,1.0,1.0,1.0,1.0,1.0,1.0
G17Q02,2020-09-29,1.0,1.0,1.0,1.0,1.0,1.0,1.0
G17Q02,2020-09-30,1.0,1.0,1.0,1.0,1.0,1.0,1.0
G17Q02,2020-10-01,1.0,1.0,1.0,1.0,1.0,1.0,1.0
G17Q02,2020-10-02,1.0,1.0,1.0,1.0,1.0,1.0,1.0
G17Q02,2020-10-03,1.0,1.0,1.0,1.0,1.0,1.0,1.0
G17Q02,2020-10-04,1.0,1.0,1.0,1.0,1.0,1.0,1.0
G17Q02,2020-10-05,1.0,1.0,1.0,1.0,1.0,1.0,1.0
G17Q02,2020-10-06,1.0,1.0,1.0,1.0,1.0,1.0,1.0
G17Q02,2020-10-07,1.0,1.0,1.0,1.0,1.0,1.0,1.0
G17Q03,2020-09-20,1.0,1.0,1.0,1.0,1.0,1.0,1.0
G17Q03,2020-09-21,1.0,1.0,1.0,1.0,1.0,1.0,1.0
G17Q03,2020-09-22,1.0,1.0,1.0,1.0,1.0,1.0,1.0
G17Q03,2020-09-23,1.0,1.0,1.0,1.0,1.0,1.0,1.0
G17Q03,2020-09-24,1.0,1.0,1.0,1.0,1.0,1.0,1.0
G17Q03,2020-09-25,1.0,1.0,1.0,1.0,1.0,1.0,1.0
G17Q03,2020-09-26,1.0,1.0,1.0,1.0,1.0,1.0,1.0
G17Q03,2020-09-27,1.0,1.0,1.0,1.0,1.0,1.0,1.0
G17Q03,2020-09-28,1.0,1.0,1.0,1.0,1.0,1.0,1.0
G17Q03,2020-09-29,1.0,1.0,1.0,1.0,1.0,1.0,1.0
G17Q03,2020-09-30,1.0,1.0,1.0,1.0,1.0,1.0,1.0
G17Q03,2020-10-01,1.0,1.0,1.0,1.0,1.0,1.0,1.0
G17Q03,2020-10-02,1.0,1.0,1.0,1.0,1.0,1.0,1.0
G17Q03,2020-10-03,1.0,1.0,1.0,1.0,1.0,1.0,1.0
G17Q03,2020-10-04,1.0,1.0,1.0,1.0,1.0,1.0,1.0
G17Q03,2020-10-05,1.0,1.0,1.0,1.0,1.0,1.0,1.0
G17Q03,2020-10-06,1.0,1.0,1.0,1.0,1.0,1.0,1.0
G17Q03,2020-10-07,1.0,1.0,1.0,1.0,1.0,1.0,1.0
G17Q04,2020-09-20,1.0,1.0,1.0,1.0,1.0,1.0,1.0
G17Q04,2020-09-21,1.0,1.0,1.0,1.0,1.0,1.0,1.0
G17Q04,2020-09-22,1.0,1.0,1.0,1.0,1.0,1.0,1.0
G17Q04,2020-09-23,1.0,1.0,1.0,1.0,1.0,1.0,1.0
G17Q04,2020-09-24,1.0,1.0,1.0,1.0,1.0,1.0,1.0
G17Q04,2020-09-25,1.0,1.0,1.0,1.0,1.0,1.0,1.0
G17Q04,2020-09-26,1.0,1.0,1.0,1.0,1.0,1.0,1.0
G17Q04,2020-09-27,1.0,1.0,1.0,1.0,1.0,1.0,1.0
G17Q04,2020-09-28,1.0,1.0,1.0,1.0,1.0,1.0,1.0
G17Q04,2020-09-29,1.0,1.0,1.0,1.0,1.0,1.0,1.0
G17Q04,2020-09-30,1.0,1.0,1.0,1.0,1.0,1.0,1.0
G17Q04,2020-10-01,1.0,1.0,1.0,1.0,1.0,1.0,1.0
G17Q04,2020-10-02,1.0,1.0,1.0,1.0,1.0,1.0,1.0
G17Q04,2020-10-03,1.0,1.0,1.0,1.0,1.0,1.0,1.0
G17Q04,2020-10-04,1.0,1.0,1.0,1.0,1.0,1.0,1.0
G17Q04,2020-10-05,1.0,1.0,1.0,1.0,1.0,1.0,1.0
G17Q04,2020-10-06,1.0,1.0,1.0,1.0,1.0,1.0,1.0
G17Q04,2020-10-07,1.0,1.0,1.0,1.0,1.0,1.0,1.0
G17Q05,2020-09-20,1.0,1.0,1.0,1.0,1.0,1.0,1.0
G17Q05,2020-09-21,1.0,1.0,1.0,1.0,1.0,1.0,1.0
G17Q05,2020-09-22,1.0,1.0,1.0,1.0,1.0,1.0,1.0
G17Q05,2020-09-23,1.0,1.0,1.0,1.0,1.0,1.0,1.0
G17Q05,2020-09-24,1.0,1.0,1.0,1.0,1.0,1.0,1.0
G17Q05,2020-09-25,1.0,1.0,1.0,1.0,1.0,1.0,1.0
G17Q05,2020-09-26,1.0,1.0,1.0,1.0,1.0,1.0,1.0
G17Q05,2020-09-27,1.0,1.0,1.0,1.0,1.0,1.0,1.0
G17Q05,2020-09-28,1.0,1.0,1.0,1.0,1.0,1.0,1.0
G17Q05,2020-09-29,1.0,1.0,1.0,1.0,1.0,1.0,1.0
G17Q05,2020-09-30,1.0,1.0,1.0,1.0,1.0,1.0,1.0
G17Q05,2020-10-01,1.0,1.0,1.0,1.0,1.0,1.0,1.0
G17Q05,2020-10-02,1.0,1.0,1.0,1.0,1.0,1.0,1.0
G17Q05,2020-10-03,1.0,1.0,1.0,1.0,1.0,1.0,1.0
G17Q05,2020-10-04,1.0,1.0,1.0,1.0,1.0,1.0,1.0
G17Q05,2020-10-05,1.0,1.0,1.0,1.0,1.0,1.0,1.0
G17Q05,2020-10-06,1.0,1.0,1.0,1.0,1.0,1.0,1.0
G17Q05,2020-10-07,1.0,1.0,1.0,1.0,1.0,1.0,1.0
G18Q01,2020-09-20,1.0,1.0,1.0,1.0,1.0,1.0,1.0
G18Q01,2020-09-21,1.0,1.0,1.0,1.0,1.0,1.0,1.0
G18Q01,2020-09-22,1.0,1.0,1.0,1.0,1.0,1.0,1.0
G18Q01,2020-09-23,1.0,1.0,1.0,1.0,1.0,1.0,1.0
G18Q01,2020-09-24,1.0,1.0,1.0,1.0,1.0,1.0,1.0
G18Q01,2020-09-25,1.0,1.0,1.0,1.0,1.0,1.0,1.0
G18Q01,2020-09-26,1.0,1.0,1.0,1.0,1.0,1.0,1.0
G18Q01,2020-09-27,1.0,1.0,1.0,1.0,1.0,1.0,1.0
G18Q01,2020-09-28,1.0,1.0,1.0,1.0,1.0,1.0,1.0
G18Q01,2020-09-29,1.0,1.0,1.0,1.0,1.0,1.0,1.0
G18Q01,2020-09-30,1.0,1.0,1.0,1.0,1.0,1.0,1.0
G18Q01,2020-10-01,1.0,1.0,1.0,1.0,1.0,1.0,1.0
G18Q01,2020-10-02,1.0,1.0,1.0,1.0,1.0,1.0,1.0
G18Q01,2020-10-03,1.0,1.0,1.0,1.0,1.0,1.0,1.0
G18Q01,2020-10-04,1.0,1.0,1.0,1.0,1.0,1.0,1.0
G18Q01,2020-10-05,1.0,1.0,1.0,1.0,1.0,1.0,1.0
G18Q01,2020-10-06,1.0,1.0,1.0,1.0,1.0,1.0,1.0
G18Q01,2020-10-07,1.0,1.0,1.0,1.0,1.0,1.0,1.0
G18Q02,2020-09-20,1.0,1.0,1.0,1.0,1.0,1.0,1.0
G18Q02,2020-09-21,1.0,1.0,1.0,1.0,1.0,1.0,1.0
G18Q02,2020-09-22,1.0,1.0,1.0,1.0,1.0,1.0,1.0
G18Q02,2020-09-23,1.0,1.0,1.0,1.0,1.0,1.0,1.0
G18Q02,2020-09-24,1.0,1.0,1.0,1.0,1.0,1.0,1.0
G18Q02,2020-09-25,1.0,1.0,1.0,1.0,1.0,1.0,1.0
G18Q02,2020-09-26,1.0,1.0,1.0,1.0,1.0,1.0,1.0
G18Q02,2020-09-27,1.0,1.0,1.0,1.0,1.0,1.0,1.0
G18Q02,2020-09-28,1.0,1.0,1.0,1.0,1.0,1.0,1.0
G18Q02,2020-09-29,1.0,1.0,1.0,1.0,1.0,1.0,1.0
G18Q02,2020-09-30,1.0,1.0,1.0,1.0,1.0,1.0,1.0
G18Q02,2020-10-01,1.0,1.0,1.0,1.0,1.0,1.0,1.0
G18Q02,2020-10-02,1.0,1.0,1.0,1.0,1.0,1.0,1.0
G18Q02,2020-10-03,1.0,1.0,1.0,1.0,1.0,1.0,1.0
G18Q02,2020-10-04,1.0,1.0,1.0,1.0,1.0,1.0,1.0
G18Q02,2020-10-05,1.0,1.0,1.0,1.0,1.0,1.0,1.0
G18Q02,2020-10-06,1.0,1.0,1.0,1.0,1.0,1.0,1.0
G18Q02,2020-10-07,1.0,1.0,1.0,1.0,1.0,1.0,1.0
G18Q03,2020-09-20,1.0,1.0,1.0,1.0,1.0,1.0,1.0
G18Q03,2020-09-21,1.0,1.0,1.0,1.0,1.0,1.0,1.0
G18Q03,2020-09-22,1.0,1.0,1.0,1.0,1.0,1.0,1.0
G18Q03,2020-09-23,1.0,1.0,1.0,1.0,1.0,1.0,1.0
G18Q03,2020-09-24,1.0,1.0,1.0,1.0,1.0,1.0,1.0
G18Q03,2020-09-25,1.0,1.0,1.0,1.0,1.0,1.0,1.0
G18Q03,2020-09-26,1.0,1.0,1.0,1.0,1.0,1.0,1.0
G18Q03,2020-09-27,1.0,1.0,1.0,1.0,1.0,1.0,1.0
G18Q03,2020-09-28,1.0,1.0,1.0,1.0,1.0,1.0,1.0
G18Q03,2020-09-29,1.0,1.0,1.0,1.0,1.0,1.0,1.0
G18Q03,2020-09-30,1.0,1.0,1.0,1.0,1.0,1.0,1.0
G18Q03,2020-10-01,1.0,1.0,1.0,1.0,1.0,1.0,1.0
G18Q03,2020-10-02,1.0,1.0,1.0,1.0,1.0,1.0,1.0
G18Q03,2020-10-03,1.0,1.0,1.0,1.0,1.0,1.0,1.0
G18Q03,2020-10-04,1.0,1.0,1.0,1.0,1.0,1.0,1.0
G18Q03,2020-10-05,1.0,1.0,1.0,1.0,1.0,1.0,1.0
G18Q03,2020-10-06,1.0,1.0,1.0,1.0,1.0,1.0,1.0
G18Q03,2020-10-07,1.0,1.0,1.0,1.0,1.0,1.0,1.0
G18Q04,2020-09-20,1.0,1.0,1.0,1.0,1.0,1.0,1.0
G18Q04,2020-09-21,1.0,1.0,1.0,1.0,1.0,1.0,1.0
G18Q04,2020-09-22,1.0,1.0,1.0,1.0,1.0,1.0,1.0
G18Q04,2020-09-23,1.0,1.0,1.0,1.0,1.0,1.0,1.0
G18Q04,2020-09-24,1.0,1.0,1.0,1.0,1.0,1.0,1.0
G18Q04,2020-09-25,1.0,1.0,1.0,1.0,1.0,1.0,1.0
G18Q04,2020-09-26,1.0,1.0,1.0,1.0,1.0,1.0,1.0
G18Q04,2020-09-27,1.0,1.0,1.0,1.0,1.0,1.0,1.0
G18Q04,2020-09-28,1.0,1.0,1.0,1.0,1.0,1.0,1.0
G18Q04,2020-09-29,1.0,1.0,1.0,1.0,1.0,1.0,1.0
G18Q04,2020-09-30,1.0,1.0,1.0,1.0,1.0,1.0,1.0
G18Q04,2020-10-01,1.0,1.0,1.0,1.0,1.0,1.0,1.0
G18Q04,2020-10-02,1.0,1.0,1.0,1.0,1.0,1.0,1.0
G18Q04,2020-10-03,1.0,1.0,1.0,1.0,1.0,1.0,1.0
G18Q04,2020-10-04,1.0,1.0,1.0,1.0,1.0,1.0,1.0
G18Q04,2020-10-05,1.0,1.0,1.0,1.0,1.0,1.0,1.0
G18Q04,2020-10-06,1.0,1.0,1.0,1.0,1.0,1.0,1.0
G18Q04,2020-10-07,1.0,1.0,1.0,1.0,1.0,1.0,1.0
G18Q05,2020-09-20,1.0,1.0,1.0,1.0,1.0,1.0,1.0
G18Q05,2020-09-21,1.0,1.0,1.0,1.0,1.0,1.0,1.0
G18Q05,2020-09-22,1.0,1.0,1.0,1.0,1.0,1.0,1.0
G18Q05,2020-09-23,1.0,1.0,1.0,1.0,1.0,1.0,1.0
G18Q05,2020-09-24,1.0,1.0,1.0,1.0,1.0,1.0,1.0
G18Q05,2020-09-25,1.0,1.0,1.0,1.0,1.0,1.0,1.0
G18Q05,2020-09-26,1.0,1.0,1.0,1.0,1.0,1.0,1.0
G18Q05,2020-09-27,1.0,1.0,1.0,1.0,1.0,1.0,1.0
G18Q05,2020-09-28,1.0,1.0,1.0,1.0,1.0,1.0,1.0
G18Q05,2020-09-29,1.0,1.0,1.0,1.0,1.0,1.0,1.0
G18Q05,2020-09-30,1.0,1.0,1.0,1.0,1.0,1.0,1.0
G18Q05,2020-10-01,1.0,1.0,1.0,1.0,1.0,1.0,1.0
G18Q05,2020-10-02,1.0,1.0,1.0,1.0,1.0,1.0,1.0
G18Q05,2020-10-03,1.0,1.0,1.0,1.0,1.0,1.0,1.0
G18Q05,2020-10-04,1.0,1.0,1.0,1.0,1.0,1.0,1.0
G18Q05,2020-10-05,1.0,1.0,1.0,1.0,1.0,1.0,1.0
G18Q05,2020-10-06,1.0,1.0,1.0,1.0,1.0,1.0,1.0
G18Q05,2020-10-07,1.0,1.0,1.0,1.0,1.0,1.0,1.0
